disparador;frecuencia
necesito;1760
nececito;1510
necessito;1426
de;1346
neceito;1344
necesita;1267
necessitava;1103
necesidad;857
necesite;844
necesitariamos;838
necesitamos;835
nesecito;827
necesirto;820
necesario;725
en;711
necesitaria;704
la;697
necesitaría;687
lo;665
necesarias;596
quiero;581
necesarios;577
necesitando;567
el;564
necesitar;556
necesidades;550
necesaria;506
neceitaria;475
se necesita;471
para;469
boti;414
neesito;395
ciudad;366
¡hola;333
necestio;317
hacer;314
encargar;309
parar;298
donde;297
encesito;293
pasar;292
parir;291
quien;290
q necesito;287
generar;285
a quien;281
a que;281
adquir;281
paran;280
adquier;276
preciso;272
entregar;268
entrar;267
que necesito;264
registro;263
que;259
quierio;256
encargue;255
pasear;253
quiro;252
quieo;252
me;251
adquiero;250
pasen;247
pasan;245
que se necesita;236
que necesitan;231
mi;231
robo;230
pasas;229
un;229
enterar;228
extraer;228
avisar;225
a donde;222
entra;221
necessita;220
entregan;217
quero;216
hola;215
renovar;215
cómo;215
entero;215
retirar;213
rovot;212
robot;212
necessitando;212
como;211
genero;210
pagar;210
tregar;209
robos;209
entro;208
entrega;207
entera;207
a quein;206
quienes;206
entrada;204
contame;203
revisar;202
adquirir;202
encontrar;201
entre;201
encargo;200
q necesitan;199
querria;198
sugiero;198
qué;198
kienes;197
a;197
entradas;196
necesit;194
contar;193
neccesito;192
adiquirir;191
pago;189
entrego;187
sobre;187
adquiro;187
necessitar;184
rentar;184
contra;184
tengo;181
encontrarla;180
descargar;180
pagaron;179
con;179
??;178
agendo;176
direccion;176
cargar;176
pagando;176
carga;175
dónde;175
estoy;174
cargarle;174
cagar;173
cargan;173
cargas;172
cargo;172
quiere;171
cargos;170
descargamos;170
pagan;169
queria;169
pagarlo;168
nacesita;168
entreguen;168
deseariamos;168
encontrarlo;168
conectar;168
descargue;167
cargador;167
pagos;167
haga;166
casar;166
ajustar;166
enviar;166
hagan;165
registrar;165
los;163
saber;162
enviame;162
envio;161
alguien;161
querer;161
que es;161
genera;161
envia;160
enviam;160
alquiler;160
paga;159
reitrar;159
pagas;158
turno;158
entregas;157
pagaran;156
necesitan;155
del;155
pasarles;155
pagaria;154
cargaron;154
retiro;152
pagado;150
pasajes;150
pagamos;150
pagarle;150
entragan;150
necessidade;150
cargando;150
intento;149
interno;149
queira;148
econtrar;148
quién;147
entregam;147
entregue;146
reparar;146
amaria;146
queiro;146
retiren;145
requieren;145
quuero;145
recargar;144
precisar;144
quisera;144
recibo;144
requiero;144
adquiere;143
integro;143
dirección;143
pagarme;143
quisieramos;142
requiere;142
por que;141
adquierir;140
o que;138
encontre;137
como hago para;134
repasar;132
tener;132
reiterar;132
hagi;131
ciudad de buenos aires;131
direcciones;130
precizo;128
denuncia;128
museos;127
separar;127
control;126
no;125
permiso;124
encontramos;124
solicitud;123
puedo;122
inventar;122
una;122
montar;121
adonde;121
avistar;120
capacitacion;120
capacitaciones;118
direcion;118
dirreción;118
retornar;118
reparto;117
me entregan;117
contacto;117
consultar;117
entregarles;115
enviarme;115
encontra;115
envian;114
entregaran;114
entregado;114
encontro;113
precisa;111
certificado;110
museo;110
preciza;110
dia;106
contestar;106
sacar;105
uola;104
en donde;104
nola;104
holax;104
hila;103
contactar;102
consulta;102
alguna;101
tramite;101
denunciar;101
y;99
ciudad autonoma de buenos aires;99
vola;99
bola;98
retirarlo;98
como hacer para;97
quisiera;97
holu;96
trámite;96
holi;96
hols;96
holq;96
hla;96
contato;96
atienda;95
tramitar;95
atender;95
contrate;95
compra;94
jola;94
tienen;94
hola4;94
yola;94
retire;93
contestan;93
01;93
ncesarios;92
editar;92
inscribir;92
miba;92
atiende;91
contamos;91
comprado;90
camión;90
comprobar;90
comprarme;90
comprando;90
comprarlo;90
comprarla;89
requisitos;89
hpla;88
entrever;88
apra;88
atienden;87
hay;87
es;87
comprar;86
camioneta;85
informacion;85
enviaron;85
pasaporte;84
ayuda;84
registrarme;84
cobrar;83
ba;83
por;83
contrato;83
compraria;83
como hago;83
hace;83
atiendan;82
solicitar;82
precios;82
conato;82
reclamo;81
contacten;81
las;80
holis;80
tenes;80
recorrer;80
horario;80
inscripcion;80
camion;79
hago;79
contactos;79
contestara;79
cultural;79
curso;79
recibi;79
parque;79
contrata;79
capacitación;79
noche;78
recordar;78
ir;78
aprender;77
atenderme;77
cómo hago para;77
recibí;77
recibe;77
reciba;77
que pex;76
contado;76
compro;76
reciben;76
retirarse;75
agencia de proteccion ambiental;75
caba;75
cuando;74
recibos;74
aires;74
invento;74
atención;74
inscribirme;73
compre;73
hacen;73
al;73
de que manera;73
retira;73
controla;73
dar;72
cmprar;72
cursos;72
no encontre;72
contact;71
cita;71
gestionar;71
buenos;71
buenos aires;71
controlarlo;71
social;70
información;70
comprarei;70
todo;70
barrio;70
vehículo;70
trabajo;70
auto;69
atenderan;69
entender;69
licencia;69
centro;68
capacitaicon;68
llegar;68
que hago para;68
invertir;68
indicar;67
cobraria;67
centros;67
realizar;66
traer;66
enviarle;66
enviarla;66
viajar;66
enviado;66
aplicacion;65
envios;65
viaje;65
envie;65
atendam;65
enviando;65
envial;65
enviarlo;65
pasa porte;65
aplicaciones;65
passport;65
hablar;65
q hago para;64
toda;64
vtv;64
colegios;64
endonde;64
todas;64
cm hago para;63
obtener;63
beneficios;63
se;63
hija;63
hora;62
anotar;62
informar;61
comprarles;61
hoka;61
homa;61
vienen;61
vehiculo;61
de que modo;60
hago para;60
querría;60
estudiantes;60
espacio;59
comprada;59
fecha;59
subsidio;59
cobraran;59
encender;59
cobrado;59
cuenta;59
cobrare;58
camiones;58
reciclaje;58
cambiar;58
escolar;58
cobrarlo;57
escuelas;57
cobranza;57
actividades;57
inscribo;57
cobrarle;57
cobrarme;56
ubicacion;56
viene;56
cobrarla;56
mujeres;55
casa;55
dias;55
camionetas;54
1ra;54
1er;54
falla;54
falta;54
quedar;53
fallo;53
fallas;53
1era;53
comprados;53
días;53
contarme;53
de que forma;52
beneficio;52
inscripción;52
gestion;52
reciclar;52
verde;52
vehicular;51
holaa;51
capital;51
violencia;51
reclamar;50
programa;50
capital federal;50
falto;50
carnet;50
fallar;50
falte;50
residuos;50
documentacion;50
ayudar;50
punto;49
tomar;49
conseguir;49
verificación;49
sede;49
reciclado;49
lugar;49
agendar;49
atendida;49
atieneden;48
atenda;48
calle;48
como puedo;48
reportar;48
quedan;48
viajero;47
info;47
documento;46
parques;46
escuela;46
rojo;46
pedir;46
metrobus;46
colegio;45
compar;45
traves de;44
roja;44
a traves del;44
cuantos;44
policial;44
a traves de;44
más;44
rosa;44
pesos;44
entienden;43
comprobante;43
online;43
comparar;43
datos;43
pasa;43
domicilio;43
temas;43
vehiculos;42
ecobici;42
bici;42
laboral;42
mujer;42
cap fed;42
efectuar;42
denuncias;42
salud;42
recoleta;42
cultura;41
acceder;41
dni;41
público;41
coche;41
beca;41
validar;41
plan;41
obra;41
compando;41
$10;41
niños;40
como hacer;40
comprou;40
comprarte;40
otorgamiento;40
cuándo;40
llego;39
adultos;39
autorizacion;39
calor;39
alertar;39
traen;39
autopartes;38
estudiantil;38
cobro;38
veículo;38
verificar;38
mayores;38
hijo;38
llevar;38
llegado;38
trámites;37
denunciando;37
trabajar;37
sistema;37
si;37
cuanto;37
comprarlos;37
hacerlo;37
a uno;37
culturales;37
lugares;37
estacionamiento;37
flores;37
alumnos;36
distrito;36
de cual manera;36
puntos;36
coronavirus;36
reserva;36
tramites;36
conocer;35
comuna;35
anotarme;35
policia;35
ser;35
compramos;35
pretender;35
asistencia;35
línea;35
acoso;35
tendria;35
de qué forma;35
ola;35
cobra;35
comercio;35
reclamos;34
personas;34
cambio;34
inspeccionar;34
integrar;34
estado;34
hacerme;34
llevar a cabo;34
desearia;34
contraseña;34
habitacional;34
alimentos;34
reotorgamiento;34
alterar;34
chequear;34
talleres;33
deseo;33
llevar adelante;33
plaza;33
vereda;33
cobraron;33
tendra;33
tendre;33
seguridad;33
cobran;33
discapacidad;33
vacuna;32
parqueadero;32
parqueo;32
denunciarlo;32
checar;32
parquear;32
verificacion;32
corroborar;32
local;32
inicios;32
comienzos;32
asuntos;32
tendré;32
chequeo;32
licencias;32
eventos;31
teatro;31
reclame;31
reclamare;31
denuncie;31
recalmos;31
licencia a;31
floresta;31
conducir;31
haser;31
repuesto;31
persona;31
buscar;31
autoparte;31
tarjeta;31
derechos;30
viaja;30
expediente;30
tendría;30
tendran;30
licencia b;30
ver;30
hacerte;30
podés;30
tenia;30
presentar;30
me gustaria;30
basura;30
becas;30
recibir;30
estacionar;30
cobre;30
denuncio;30
sube;29
deporte;29
como obtengo;29
mesa de entradas;29
chicos;29
abrir;29
confirmen;29
confirmar;29
confirme;29
registración;29
acerte;29
mesa de entradas y salidas;29
gobierno;29
red;29
confirmadas;29
emprendedoras;29
colegial;28
electronico;28
electronica;28
programas;28
identificación;28
finde;28
habilitacion;28
vivo;28
subte;28
grúa;28
quehacer;28
electrónica;28
colón;28
educación;28
agente;28
cuenten;28
secundaria;28
en que lugar;27
uno;27
obras;27
licencia d;27
está;27
audiencia;27
perro;27
gratis;27
bebe;27
eletrônica;27
registracion;27
boleto;27
evento;27
dar de baja;27
autorizar;27
tiene;27
carnet de conducir;27
atencion;27
recuperar;27
taxi;27
cual;26
busco;26
poder;26
ambiental;26
restaurante;26
virtual;26
grabado;26
grabar;26
como se hace;26
emprenden;26
690;26
descargo;26
exterior;26
negocio;26
eco bici;26
bebé;26
experimentación;26
arte;26
beba;26
ubicar;26
estan;25
queda;25
consumidor;25
licencia c;25
recepcion;25
hoola;25
direccin;25
vista;25
sociales;25
infantil;25
automotor;25
automovil;25
puesto;25
recargas;25
empresas;25
bicicleta;25
servicios;25
mascotas;25
registrarse;25
luz;25
registre;25
De qué modo;25
queja;25
home;24
experimental;24
experimento;24
baja;24
hacerla;24
ubicado;24
empleo;24
prevención;24
salas;24
sala;24
colectivo;24
acoger;24
certificacion;24
que documentacion;24
covid;24
recarg;24
turismo;24
comunas;24
ubicados;24
dar de bajar;24
comunal;23
????;23
registro de manejo;23
planetario;23
bar;23
cuántas;23
doy de baja;23
grafiti;23
costo;23
residencia;23
registro auto;23
venta;23
registro de conducir;23
docente;23
maltrato;23
universitarios;23
permisos;23
tacho;23
certificar;23
ingresar;23
nacional;23
tachos;23
bebes;23
feria;23
cerrada;22
cliente;22
clave;22
modificar;22
aviso;22
darle de baja;22
cancelar;22
familiar;22
certificación;22
certifico;22
lic de conducir;22
ecoparque;22
cierre;22
digital;22
espectáculo;22
show;22
presentación;22
cuantas;22
vacunas;22
mal;22
mayor;22
poda;22
darla de baja;22
verano;22
publicidad;22
secundario;22
encuentro;22
documentos;22
comunicarme;22
inscribirse;22
taller;22
cuentas;22
ubicada;22
activar;22
moto;22
mis;21
primeros;21
firmas;21
visitas;21
soy;21
contenedor;21
habilitar;21
nuevo;21
viajes;21
reponer;21
perros;21
gravado;21
adolescentes;21
ala;21
porteña;21
hacerles;21
hcer;21
adjuntar;21
autorización;21
deportes;21
género;21
ley;21
telepase;21
barrios;21
licencia de conducir;21
licencia de manejar;21
licencia auto;21
pozo;21
extranjeros;21
viviendas;21
dar de alta;21
solicito;21
desear;21
hospital;21
identidad;21
nene;21
problemas;21
trabajan;21
clausura;21
primera;21
conteste;21
de qué modo;21
cobros;20
registrame;20
puede;20
algun;20
asesor;20
luminaria;20
delatar;20
mascota;20
que hacer;20
estar con gana de;20
ubica;20
clases;20
recorrido;20
mapa;20
internet;20
comenzar;20
fiscal;20
agua;20
anunciar;20
comunicar;20
comida;20
asesoramiento;20
bariloche;20
deporets;20
procedimiento;20
antigripal;20
bebu;20
suscripcion;20
pieza;20
renovacion;20
automovil parte;20
dejar;20
vacunación;20
nivel;20
forma;20
derecho;20
averiguar;20
primaria;20
desarrollo;19
quiero saber;19
lúdico;19
argentina;19
hogar;19
informes;19
ayudeme;19
anoto;19
gato;19
gustar;19
SUBE;19
provincia;19
que documentos;19
juego;19
funciona;19
transporte;19
factura;19
cortar;19
web;19
lic de manejar;19
trabajos;19
arreglar;19
limpieza;19
ferias;19
sucursal;19
gratuito;19
test;19
visitar;19
cuento;19
carro;19
cáncer;19
discapacitados;19
papel;19
tratar;19
gustaria;19
factura a;18
factora;18
facturar;18
expedientes;18
facturen;18
interior;18
facturas;18
contactarme;18
fatura;18
avisa;18
avisarme;18
casamiento;18
informativo;18
controlador;18
rúbrica;18
ciudad autonoma de buenos;18
banco;18
técnica;18
establecimiento;18
empleadores;18
calles;18
que gana tener de;18
trabago;18
tad;18
vehículos;18
golpe;18
contás;18
documentación;18
informarme;18
acoso sexual;18
sirve;18
travjar;18
debo;18
bs as;18
requerir;18
cementerio;18
abl;18
turista;18
pretendo;18
cgba;18
sexual;18
humano;18
cuidado;18
perrito;18
trvajar;18
viajante;18
siete;18
condiciones;18
servicio;18
morir por;18
trbajar;18
casas;18
travajar;18
me dar gana;18
vivienda;18
trabajando;18
fastidio;18
compania;18
compañia;18
travajo;18
q documentos;18
asegurar;18
trabaja;18
trabjar;18
semana;17
cedel;17
patente;17
error;17
son;17
cuadra;17
costar;17
extranjero;17
vacaciones;17
como tengo que hacer;17
préstamo;17
biblioteca;17
residuo;17
???;17
chatear;17
queremos;17
cambiarlo;17
map para profesionales;17
pais;17
cuanto sale;17
cuando vale;17
map profesionales;17
permiso de conducir;17
horarios;17
consigo;17
inicial;17
q documentacion;17
hijos;17
app;17
sitio;17
cuánto;17
plano;17
pueden;17
precaria;17
agujero;17
activo;17
saco;17
loft;17
pretende;17
acceso;17
luminarias;17
cuanto vale;17
alquilar;17
departamento;17
cambios;16
discapacitada;16
visita;16
cobraro;16
cerca;16
hacerse;16
sur;16
asegurarlo;16
manera;16
chat;16
discapacitado;16
paso;16
alto;16
en persona;16
actualizar;16
NECESITO;16
consorcios;16
san;16
bicicletas;16
informen;16
diligencia;16
planes;16
informação;16
tardía;16
haciendo;16
information;16
aplicación;16
tenés;16
iluminacion;16
años;16
vecinos;16
informacines;16
controlar;16
libreta;16
certificados;16
problema;16
obtengo;16
banco ciudad;16
informaron;16
infracciones;16
luces;16
sello;16
cumpleaños;16
hoal;16
informaciones;16
donación;16
niño;16
mercado;16
cocheta;16
deuda;16
agresion;16
manejo;16
adoptar;16
boleta;16
remover;15
asistir;15
libreria;15
vacunarme;15
pasos;15
ciudadanía;15
whatsapp;15
perra;15
cedula;15
licencia automotor;15
computadora;15
femenino;15
alimentacion;15
gratuitas;15
veredas;15
alimentar;15
corresponde;15
trans;15
chico;15
impuesto;15
concretar;15
tarjeta de transporte;15
requisito;15
gatos;15
perritos;15
perrita;15
al trabajar;15
nena;15
hostigamiento;15
asegurando;15
persecucion;15
tormento;15
estudiar;15
agencia;15
ubico;15
compañía;15
registrada;15
nacimiento;15
empleador;15
uso;15
arbol;15
alguna persona;15
usuario;15
este;15
map para empresas no privadas;15
todos;15
creditos;15
map publico;15
solicitarlo;15
agresión;15
dar de alto;15
ejecutar;15
elaborar;15
turnos;15
espacios;15
legajo;15
infancia;15
discapacitadas;15
cero kilometro;15
covid19;15
9;15
electrónico;15
vacunacion;14
prestamo;14
comunico;14
ayudarme;14
afuera;14
negativo;14
civil;14
garantia de aptitud ambiental;14
atenciones;14
vacunar;14
cuente;14
quiénes;14
prevenir;14
robaron;14
llamar;14
música;14
informan;14
una persona;14
anos;14
primer;14
bienestar;14
mail;14
dertificado;14
certificate;14
lic;14
menores;14
sertificado;14
sin;14
tenga;14
certificable;14
proponer;14
ciego;14
voy;14
semanas;14
iniciar;14
semanal;14
alerta;14
informa;14
certificado de aptitud ambiental;14
meses;14
tienda;14
cubrir;14
registrado;14
adulto;14
que hago;14
cuil;14
especial;14
teléfono;14
barrido;14
superior;14
nenes;14
zona;14
ramas;14
argentino;14
costa;14
defensa;14
2024;14
ciudadania;14
reclamando;14
dominio;14
reclamacion;14
hol;14
publico;14
poner;14
viajo;14
iluminaran;14
medio;14
iluminación;14
preguntar;14
iluminaria;14
modificacion;14
mi b a;14
funcionamiento;14
denunciación;14
ofertante de trabajo;14
recolección;14
telefono;14
registra;13
gente;13
obten;13
obter;13
deportivas;13
watsapp;13
alquileres;13
regitro;13
registracao;13
señora;13
menor;13
manejar;13
whatsap;13
permiso de conducción;13
grabado de autopartes;13
cuanto salen;13
animales;13
grua;13
festival;13
coger;13
pido;13
guatsap;13
jardines;13
what's app;13
estudiante;13
niña;13
grabado de partes;13
cuanto esta;13
caminos;13
1;13
guasap;13
órganos;13
tengan;13
whatsa;13
wasap;13
bien estar;13
matrimonio;13
watsap;13
hombre;13
gratuitos;13
que personas;13
que persona;13
iluminaría;13
reparación;13
cual es;13
comunidad;13
cambian;13
wasa;13
darme de baja;13
mi ba;13
en que lugares;13
financiamiento;13
policias;13
estudio;13
catastral;13
acción;13
credito;13
responder;13
musical;13
intentar;13
pase;13
tu;13
consejo;13
cuales;13
errores;13
acerca;13
partida;13
donar;13
coste;13
mama;13
operador;13
viajando;13
tránsito;13
linea;13
cuanto es;13
distancia;13
tarjeta pase;13
juegos;13
viajemos;13
recomendaciones;13
como tengo que hacer para;13
viajare;13
registros;13
número;12
construccion;12
a cuanto sale;12
espectaculos;12
adhesion;12
cuanto duele;12
me encantaria;12
vencimiento;12
chorear;12
libro;12
como es;12
detalle;12
cambiarla;12
cuesta;12
emprendimientos;12
autopistas;12
económica;12
cambien;12
educativos;12
ninguna persona;12
limpia;12
conductor;12
participar;12
compras;12
feliz;12
telegram;12
suscribir;12
medico;12
celular;12
escombros;12
barrio de ciudad autonoma de buenos aires;12
resto;12
merecimiento;12
negocios;12
registrarte;12
comer;12
ministerio;12
escolares;12
ascensor;12
académica;12
sera;12
gaming;12
bondi;12
auxilio;12
beca ciudadania;12
tarjeta ciudadania;12
gcba;12
cuidados;12
cuidar;12
juegotecas;12
subsidios;12
formación;12
recomendacion;12
usar;12
templos;12
académico;12
q es necesario;12
cuáles;12
policía;12
descargarme;12
descargando;12
actualización;12
descargarlo;12
inglés;12
alimento;12
verdes;12
infraccion;12
libre;12
era;12
programar;12
sedes;12
funcionan;12
activacion;12
wassap;12
barrios de ciudad autonoma de buenos aires;12
ayudan;12
barrio de la ciudad autonoma de buenos aires;12
seran;12
colectivos;12
lista;12
serian;12
esta;12
wasat;12
autos;12
paseo;12
garantía;12
guiadas;12
limpiar;12
barrios de la ciudad autonoma de buenos aires;12
alimentarse;11
domiciliar;11
magistratura;11
alumbrado barrido y limpieza;11
están;11
dosis;11
alimentación;11
me encantaría;11
encantaría;11
verificacion vehicular;11
rama;11
programación;11
porque;11
erronea;11
alimenta;11
vos;11
147;11
vacunan;11
cuanto debo;11
cuanto dura;11
buenosayres;11
cuando cuesta;11
llama;11
que lugar;11
trbajo;11
tercera;11
te;11
exención;11
verificacion tecnica;11
chacarita;11
educacion;11
licencia f;11
trbjo;11
valor;11
agip;11
malba;11
facturado;11
refugios;11
pista;11
barrial;11
alimentarlo;11
grande;11
contención;11
niñas;11
cercano;11
lugano;11
gym;11
año;11
verificacion tecnica vehicular;11
erróneo;11
iluminan;11
controles;11
edad;11
familia;11
hurtar;11
cubrira;11
recomendarias;11
hacemos;11
cine;11
ayuden;11
144;11
actualizacion;11
recomendarian;11
bui;11
tramito;11
recomendas;11
comercial;11
vistas;11
participo;11
cambiando;11
consorcio;11
cambiamos;11
abierto;11
requerimientos;11
vender;11
recomendan;11
consorcista;11
demandar;11
recomendar;11
copia;11
cubrirá;11
alimentarme;11
bicis;11
cubriría;11
delito;11
andar;11
julio;11
día;11
programacion;11
rehacer;11
cercanos;11
laburo;11
puerta;11
recomendación;11
porton;11
quería;11
actividad;11
aonde;11
legal;11
erroneos;11
vence;11
erroneo;11
empresa;11
funcionar;11
unos;11
corregir;11
caducar;11
asegura;11
adicciones;11
que es necesario;11
cámaras;11
personalizada;11
libros;11
asegurado;11
asesora;10
alterado;10
esi;10
representante;10
patentes;10
mercados;10
limpien;10
mantenimiento;10
precauciones;10
mi hija;10
agentes;10
hurto;10
cercana;10
alterarla;10
entrer;10
derivame;10
renuevo;10
propiedad;10
martín;10
via publica;10
gatitos;10
librar;10
sacar de encima;10
saber como;10
me gustaría;10
ofrece;10
voto;10
cambiarme;10
cosas;10
gastronomía;10
listado;10
constancia;10
propuestas;10
gata;10
oficial;10
data;10
contrasena;10
almacén;10
compañias;10
numero;10
contra seña;10
contrasenia;10
q piden;10
contrasenñas;10
q hacer;10
instituto;10
llegó;10
haces;10
constraseña;10
chances;10
aptitud;10
universidad;10
reconocimiento;10
autopista;10
recomendable;10
cuentenme;10
acta;10
recomiendan;10
remolque;10
ayudante;10
quitar;10
descarga;10
bache;10
reparacion;10
realizacion;10
puedo hacer;10
tiempo;10
intengrar;10
familiares;10
educativo;10
puestos;10
emergencia;10
pintada;10
participe;10
estafar;10
ayudenme;10
ayudame;10
suicidar;10
sale;10
graffiti;10
crear;10
2023;10
ayudarla;10
estar;10
cuestan;10
motocicleta;10
promociones;10
tener que;10
exento;10
proceso;10
recomendada;10
comunicacion;10
encuentra;10
alta;10
beca de estudio;10
necesito tener;10
funcionamento;10
sé;10
que hacer para;10
renovación;10
colocar;10
adicto;10
trasplante;10
curso y taller;10
registarme;10
promocion;10
promoción;10
terminar;10
modo;10
policia metropolitana;10
meter;10
acuerdo;10
listo;10
podar;10
testpreguntafrozen;10
adherir;10
vistazo;10
impacto;9
bullying;9
hospitales;9
mantener;9
preinscripcion;9
salir;9
contemporáneo;9
que se hace;9
q tengo que;9
oficina;9
tengo que hacer;9
animal;9
policías;9
móviles;9
5;9
jardin;9
especiales;9
onde;9
aode;9
duplicado;9
ascesor;9
pymes;9
estación;9
ingreso;9
gustaría;9
suaci;9
recargo;9
reposicion;9
camvio;9
estafa;9
abierta;9
abiert;9
familias;9
hermano;9
asersor;9
descargarla;9
limpio;9
matrícula;9
habilitaciones;9
acarreo;9
funcionando;9
justicia;9
niñ@s;9
proyecto;9
herramineta;9
nucleo;9
herramieta;9
agencia gubernamental de ingresos publicos;9
alquila;9
tengo que;9
arreglo;9
artes;9
sin costo;9
ciclo;9
padres;9
notificar;9
preinscribo;9
llega;9
menor de edad;9
accesible;9
idiomas;9
comercios;9
cuanto dinero;9
participamos;9
perdida;9
cuota;9
hablo;9
emojis;9
condiciones necesarias;9
estaciones;9
edificio;9
exenta;9
espectaculo;9
recupero;9
mecanismo;9
darme;9
levanto;9
ascensores;9
programando;9
gatita;9
promocional;9
incapacidad;9
personalizar;9
subterraneo;9
extrangero;9
vincular;9
estranjero;9
estadio;9
administracion gubernamental de ingresos publicos;9
ex;9
vacunen;9
emprender;9
herramienta;9
recomendame;9
hogares;9
charlar;9
la promocion;9
diseño;9
ecnantaría;9
elevadores;9
centro comercial;9
escribirme;9
cerca a;9
promocionar;9
ferramenta;9
netbook;9
infraccon;9
promosiones;9
wifi;9
belgrano;9
resolver;9
mapas;9
inscripto;9
procesar;8
sos;8
por favor;8
malo;8
voucher;8
finanzas;8
experiencia;8
sarmiento;8
hice;8
pobreza;8
QUISIERA;8
suscribo;8
agenda;8
brindar;8
inscribirnos;8
2;8
suscribirme;8
Necesito;8
públicas;8
3;8
que tengo que;8
organismos;8
participan;8
ya;8
precoz;8
tarda;8
mappa;8
depto;8
playa;8
robar;8
agc;8
inspeccion;8
de donde;8
alimentario;8
ambientales;8
bondis;8
q se necesita;8
afanar;8
avenida;8
cambiaron;8
¡que;8
b;8
portal;8
terciario;8
recomendacieones;8
cancha;8
profesorado;8
desde;8
adopción;8
instalación;8
sabores;8
como es el tema;8
nacido;8
aseguren;8
aprendé;8
contento;8
vencer;8
abiertos;8
abiertas;8
vivir;8
venció;8
funcion;8
dengue;8
administrador;8
administradores;8
norte;8
artes plasticas;8
re contento;8
otra;8
faltas;8
nuevas;8
remises;8
llevo;8
sueldo;8
mes;8
facial;8
contratar;8
scursal;8
vía publica;8
sin cargo;8
callejero;8
gerente;8
urgencia;8
legalidad;8
pelicula;8
peliculas;8
autobus;8
club;8
reimpresion;8
me interesa;8
drogas;8
apuestas;8
ambiente;8
autódromo;8
algo;8
declarar;8
pilar;8
síntomas;8
estructuras;8
fines;8
ano;8
anda;8
multa;8
vacunasion;8
bacunasion;8
adán;8
bacunacion;8
muebles;8
recargar la sube;8
recarga sube;8
carga sube;8
inmuebles;8
voluminosos;8
inmueble;8
controle;8
dar de alt;8
gimnasios;8
lago;8
recoleccion;8
inscrito;8
trabojo;8
qiero;8
elevador;8
scursales;8
clase;8
sucursales;8
credito hipotecario;8
codigo postal;8
habilitación;8
notebook;8
impuesto monotributo;8
asociar;8
pública;8
monotributo;8
blanquear;8
blanqueo;8
llamada;8
víctimas;8
librito;8
aeroparque;8
climático;8
campaña;8
??\u200d??;8
cabinas;8
subtes;8
apoyo;8
material;8
monitoreo;8
árbol;8
consiste;8
encanantaria;8
frente;8
ciudadania porteña;7
plantas;7
15;7
cuello;7
muestra;7
alimentaria;7
arboles;7
fiesta;7
alquilando;7
en que se encuentra;7
bueno;7
migraciones;7
se encuentra;7
justo;7
presencial;7
pagina;7
inscrevo;7
prófugos;7
precaucion;7
QUIERO;7
asaltar;7
prevencion;7
juan;7
como se encuentra;7
encuesta;7
subportal;7
mensura;7
vecino;7
acá;7
administracion;7
incumplimiento;7
favor;7
antecedentes;7
boca;7
expiracion;7
10;7
teatral;7
administradora;7
grandes;7
barriales;7
madre;7
quiesiera;7
gratuita;7
muerte;7
aparcar;7
tubulares;7
padre;7
temprana;7
vallas;7
señalar;7
sostén;7
limpian;7
valores;7
examen;7
alguno;7
incendios;7
microcentro;7
sucio;7
same;7
viaducto;7
carteles;7
gustos;7
publicitarios;7
recuperacion;7
fiestas;7
funcionam;7
colon;7
teatro colon;7
hable;7
funcionado;7
abonar;7
responde;7
coches;7
transferir;7
donde se encuentra;7
alcohol;7
portea ciudadania;7
único;7
financiera;7
consistir;7
identificacion;7
consultas;7
plan sarmiento;7
infantiles;7
tipos;7
jardín;7
gripe;7
cancelen;7
cancela;7
cancelo;7
camcelar;7
termina;7
trabajadoras;7
independiente;7
transexual;7
gpt;7
sector;7
cesac;7
preguntas;7
concurrir;7
asegurarla;7
aseguro;7
accidente;7
pregunta;7
nunca;7
comunicarnos;7
comunicarse;7
subsidio habitacional;7
14;7
sabés;7
exijo;7
bloqueo;7
encantaria;7
transmitir;7
nucleos;7
como encuentro;7
como conseguir;7
asistente;7
saavedra;7
cuales son;7
castracion;7
villa;7
3era;7
3er;7
pavo;7
pato;7
gatito;7
extranjera;7
moderno;7
vacunaron;7
bajo;7
carreras;7
jugar;7
apertura;7
ausa;7
mensajes;7
busqueda;7
palacio;7
tirar;7
refugio;7
dal el alta;7
diversión;7
chocar;7
vial;7
registro automotor;7
donacion;7
reimprimir;7
consumo;7
mas;7
parlar;7
estudios;7
residencias;7
infraestructura;7
jurada;7
declaración;7
chino;7
llegan;7
apto;7
poseer;7
llegara;7
remoto;7
llegando;7
economía;7
proveedor;7
llegaria;7
ruido;7
docentes;7
medidas;7
llegada;7
lleva;7
nacionales;7
dpto;7
profesionales;7
paseos;7
penna;7
quanto;7
crédito;7
biometría;7
correccion;7
hijas;7
papeles;7
sueldos;7
peru;7
2}$;7
empezar;7
significa;7
integrales;6
consulto;6
resultado;6
victimas;6
interne;6
vive;6
acusacion;6
infraciones;6
interned;6
dan;6
pompeya;6
intenret;6
manda;6
hijito;6
gratarola;6
afano;6
notificarles;6
cachorro;6
q hacer para;6
me podrian dar;6
piden;6
barato;6
vendedor;6
cv;6
rotas;6
¿cómo;6
contas;6
bus;6
musica;6
transito;6
chatbot;6
validacion;6
como saber;6
numero de telefono;6
unidades;6
telefonico;6
caduco;6
apoyar;6
economico;6
maestros;6
uterino;6
cumplas;6
nombre;6
brindan;6
podría;6
no cumplimiento;6
sabado;6
seguir;6
recambio;6
emergencias;6
comseguir;6
pareja;6
personal;6
haja;6
árboles;6
funciona mal;6
sacan;6
arrendamiento;6
líneas;6
empleados;6
vinculacion;6
domingo;6
detección;6
paradas;6
expirar;6
fecha de vencimiento;6
duracion;6
senderos;6
combinaciones;6
madres;6
urbano;6
mi hijo;6
cuello de utero;6
medicamentos;6
COD POSTAL;6
derroche;6
tarifa;6
constar;6
exentos;6
sustentable;6
otro pais;6
adolescente;6
violación;6
queria saber;6
coronavírus;6
bomberos;6
quejar;6
covid 19;6
exigencia;6
via;6
telefonos;6
mangar;6
alquilarlo;6
rampa;6
54;6
bot;6
CP;6
establecimientos;6
transporte publico subterraneo;6
interesaria;6
precio;6
abren;6
irse;6
país;6
rodrigo;6
sangre;6
6;6
llamo;6
llamando;6
llame;6
entrenar;6
4;6
privados;6
llamaron;6
linea de telefono;6
7;6
diez;6
charle;6
creatividad;6
turistas;6
charlo;6
cuál;6
sucursal en;6
ciudadana;6
idioma;6
llegaron;6
corona virus;6
testcuatrotandapreguntas;6
lectivo;6
llamado;6
siento;6
atencion ciudadana;6
emprendimiento;6
patio;6
reservar;6
durante;6
iglesia;6
pilar monofasico;6
pilar trifasico;6
copias;6
enfermo;6
foguista;6
contenedores;6
enferma;6
enferme;6
consultoras;6
sticker;6
ruidos;6
poseo;6
chiste;6
explicacion;6
donante;6
donaciones;6
publica;6
gardel;6
bafici;6
inmobiliario;6
me inscribo;6
deportivo;6
inscriben;6
travesti;6
transgenero;6
queer;6
rendir;6
construcciones;6
simple;6
gas;6
ayude;6
medido;6
residentes;6
danza;6
hablar por;6
hablar de;6
chateo;6
fallecimiento;6
estafas;6
ciclovias;6
discriminación;6
classes;6
cambie;6
cantidad;6
irregularidades;6
service;6
vacante;6
fuera;6
jurídico;6
extrajero;6
cargar sube;6
votar;6
higiene;6
burocracia;6
reaccionar;6
estacionado;6
valuación;6
volver a imprimir;6
impuestos;6
eliminar;6
barolo;6
peajes;6
notificaciones;6
videojuegos;6
adicción;6
motivo;6
pilas;6
imaginación;6
fábrica;6
q;6
accesar;6
argentinos;6
restos;6
limpias;6
zonales;6
defensorías;6
haber;6
horas;6
31;6
tramite de adopcion;6
lineas;6
lúdicos;6
pagina web;6
donde esta;6
fiscalía;6
mental;6
paredes;6
ubicación;6
cosa;6
caducado;5
existe;5
judicial;5
área;5
recién;5
solicitado;5
internet fijo;5
permanencia;5
instituciones;5
internet hogar;5
viven;5
sufri;5
internet wifi;5
castrar;5
preinscripción;5
caducada;5
mayo;5
ahora;5
hurtaron;5
pasteur;5
marca;5
informática;5
teatrales;5
intersex;5
e;5
construcción;5
sanitarios;5
no binario;5
directorio;5
votos;5
vote;5
tren;5
recortar;5
caduca;5
vota;5
garantia;5
controlo;5
alquilaria;5
carlos;5
traductorado;5
argentinas;5
sustraccion;5
contenta;5
congregacion;5
boleta unica inteligente;5
biela;5
algún;5
bancos;5
bancaria;5
cambiarlas;5
eco;5
cuántos;5
covi;5
gestión;5
covis;5
sustentables;5
proteccion;5
alquilarla;5
internacional;5
acosan;5
manual;5
durar;5
saldo;5
fachada;5
último;5
baile;5
comerciar;5
bicicleteros;5
gimnasia;5
jornada;5
minecraft;5
referencia;5
cachar;5
fallecido;5
barrer;5
alojamiento;5
funciona lento;5
publicitar;5
portal web;5
alquilo;5
comerciales;5
inquilinos;5
acogimiento;5
vouchers;5
de que trata;5
remedios;5
caso;5
tele pase;5
subportal web;5
busca;5
mensaje;5
trabajador;5
invierno;5
suscribirnos;5
multas;5
como lo hago;5
co hago;5
telefonica;5
psicológica;5
cuarentena;5
fiscalia;5
manipulador;5
recreación;5
pueyrredon;5
cabina;5
cp;5
caballito;5
recorridos;5
niños y jovenes;5
incumplimientos;5
costaria;5
modificacion de datos;5
centavo;5
datos modificacion de;5
modificacion de dato;5
grierson;5
enfermeria;5
droga;5
partes;5
cuentos;5
homogénea;5
darme de alta;5
permitido;5
inconveniente;5
alberdi;5
gobierno nacional;5
inscripciones;5
escribo;5
registro de manejar;5
san nicolas;5
no me acuerdo;5
salvar;5
veiculo;5
practicar;5
esperando;5
tarjeta credito;5
cuentame;5
tarjeta de debito;5
malvinas;5
fotografía;5
tecnicos;5
técnico;5
tecnica;5
tarjetadecredito;5
tecnico;5
tarjeta de credito;5
tarjeta debito;5
facilidades;5
permanecer;5
dudas;5
no recuerdo;5
auxiliar;5
alumbrado publico;5
accedo;5
personalmente;5
cuadras;5
suscripto;5
cosmos;5
108;5
recorte;5
testeo;5
hisopado;5
cromañón;5
charla;5
preveer;5
prever;5
capacita;5
notificación;5
zoologico;5
capacitar;5
en que parte;5
vigencia;5
recuerdo;5
proseguir;5
mural;5
continuar;5
participando;5
qe;5
en que momento;5
atiencion;5
comuniquen;5
clima;5
caminito;5
realizo;5
vuelo;5
ejemplar;5
llamas;5
postulantes;5
filial;5
oficinas;5
procedimientos;5
ayudás;5
terciarios;5
container;5
medicamento;5
documento de identidad;5
patogénicos;5
gastronómica;5
linea a;5
a donde voy;5
llamarlos;5
llamadas;5
llaman;5
pared;5
pega;5
buscando;5
devolver;5
sustentabilidad;5
saludables;5
ciudad de buenos;5
borrar;5
fabrica;5
baires;5
transportistas;5
generadores;5
ecesito;5
enfermedad;5
hago la inscripcion;5
ubicadas;5
francés;5
jovenes;5
federal;5
actas;5
agresivo;5
electricidad;5
colonia;5
jardin botanico;5
objetos;5
rupepys;5
progresar;5
dato;5
botanico;5
integral;5
river;5
pregunto;5
mandar;5
física;5
portugués;5
alemán;5
homre;5
capacitarme;5
particular;5
averiguo;5
horizontal;5
colonias;5
prevenciones;5
tratan;5
hablemos;5
camino;5
profesional;5
didáctico;5
artes visuales;5
amigo;5
chorro;5
taxis;5
chorreo;5
médica;5
electrodomesticos;5
fiebre;5
refuerzo;5
promotores;5
artificial;5
arriendo;5
11;5
renta;5
comunica;5
aedes aegypti;5
interrogar;5
dudar;5
violencia contra la mujer;5
8;5
formacion;5
celiaca;5
celiacas;5
celiaco;5
inteligencia;5
ia;5
tecnologia;5
publicitaria;5
hblar;5
celiacos;5
esposo;5
orientación;5
legalizacion;5
combinar;5
progr;5
arbolado;5
duda;5
program;5
dinero;5
prog;5
mataderos;5
condicion;5
subsede;5
programo;5
compu;5
scoring;5
cerrar;5
tecnológico;5
evitar;5
podemos;5
controlan;5
fiscalia de la ciudad;5
auxilios;5
llamamos;5
htal;5
solicitudes;5
hicieron;5
8m;5
pulgas;5
seguro;5
vía;5
incluir;5
linea telefonica;5
anual;5
créditos;5
12;5
13;5
disolución;5
fragata;4
abastecimiento;4
municipal;4
revender;4
woman;4
incribirse;4
women;4
empleado;4
messi;4
atracar;4
person;4
soldati;4
kiero;4
recompensa;4
real person;4
representative;4
cgp;4
educacion sexual integral;4
noticiar;4
someone;4
enfermería;4
ventaja;4
somebody;4
facilidad;4
bonificacion;4
quien es;4
intoxicación;4
executive;4
persona designada;4
suicidio;4
abrochar;4
ferias y mercados;4
llevaron;4
humana;4
resfrio;4
resfriado;4
ticket;4
empredimientos;4
enseñar;4
ser humano;4
junta;4
human;4
agent;4
añadir;4
hormonales;4
exencion;4
tratamientos;4
revenderlos;4
911;4
computer;4
boy;4
da;4
once;4
productos;4
girl;4
people;4
revenden;4
padron de patrones;4
suicidas;4
registro de empleadores;4
ginecológicos;4
revendo;4
men;4
revenderlo;4
vendedora;4
revendedora;4
revendedor;4
man;4
revendedoras;4
lúdica;4
no anda;4
chafar;4
tercera dosis;4
riesgo;4
embarazadas;4
aire;4
gobierno de la ciudad autonoma de buenos aires;4
gobierno de la ciudad de buenos aires;4
sanitario;4
medioambiente;4
cud;4
a que hora;4
mamá;4
ente;4
inclusión;4
stickers;4
dame;4
significado;4
piba;4
zubizarreta;4
laptop;4
terrazas;4
contactarlos;4
lleven;4
llevan;4
sintomas;4
aislar;4
ddjj;4
cambiado;4
halar;4
contra tiempo;4
existir;4
hbalar;4
ablar;4
modificación;4
calzada;4
ratas;4
laucha;4
atrasados;4
suspensión;4
enfermar;4
comunican;4
comunicación;4
comunicaran;4
estafo;4
me das;4
servicio religioso;4
solicit;4
rito religioso;4
oficio religioso;4
choque;4
percance;4
incidente;4
miju;4
siniestro;4
whats app;4
formas;4
comunicarte;4
emprendedores;4
remuneracion;4
comuniqueme;4
counter;4
tutorial;4
remuneración;4
extras;4
adicionales;4
adicional;4
strike;4
pibe;4
tejidos;4
circuito;4
chacra;4
frenar;4
ecopuntos;4
preguntarte;4
comunicaron;4
casos;4
prestamos;4
punguear;4
automoviles;4
consumidor de drogas;4
drogadicto;4
soplar;4
adictos;4
fuciona;4
vía pública;4
santuarios;4
balcon;4
testearme;4
lnm;4
fechas;4
dice;4
partida de nacimiento;4
partida de matrimonio;4
no acuerdo;4
decir;4
telefonicos;4
birlar;4
de que se;4
montserrat;4
clienta;4
clientes;4
aparcamiento;4
reciclables;4
cochera;4
separacion;4
edificios;4
barracas;4
boedo;4
50;4
virtuales;4
pastillas;4
madero;4
sustraer;4
mitre;4
cuanta;4
pase cultural;4
juez controlador de faltas;4
defunción;4
vengan;4
union;4
zonas;4
suciedad;4
electronicos;4
¿qué;4
cumple;4
cumplir año;4
quedó;4
tengas;4
fotoproducto;4
banca;4
felicidades;4
tortoni;4
quando;4
asignados;4
imputación;4
tarjeta cultural;4
reinventando;4
audiovisuales;4
infracción;4
propietario;4
bolivia;4
brasil;4
canada;4
gola;4
foto;4
chile;4
dominios;4
caducan;4
fotos;4
vencido;4
acosaron;4
tocaron;4
credencial;4
abuso;4
actual;4
algunos;4
60;4
anio;4
q tengo q;4
más información;4
anios;4
veterinarias;4
veterinaria;4
hotel;4
hostel;4
d n i;4
conciertos;4
campeonato;4
documento nacional de identidad;4
formulario;4
choches;4
residir;4
alcoholicas;4
Curriculum;4
recoger;4
bco;4
llovera;4
ropa;4
reuniones;4
haber alguien;4
actos;4
pasame;4
daños;4
miercoles;4
quinto dia de la semana;4
martes;4
jueves;4
chocaron;4
lunes;4
viernes;4
proteger;4
privado;4
formato;4
llover;4
vendo;4
cuit;4
bada;4
fotocopias;4
socorro;4
echar uno mano;4
servir;4
desagote;4
postas;4
hidratación;4
hidratar;4
conduccion;4
mapa del acoso;4
?;4
reistro;4
ofrecen;4
re imprimir;4
volver a hacer;4
reotorgamaiento;4
como ingresar;4
actualizo;4
vaciar;4
dar uno mano;4
negro;4
castración;4
extranjeras;4
mesa;4
dura;4
jubilados;4
elecciones;4
espediente;4
solicita;4
solicitando;4
destapar;4
solicite;4
solicitada;4
clinicas;4
solicitarla;4
animalitos;4
quitaron;4
patrimonio;4
publicitario;4
plazas;4
peaje;4
video;4
puertas;4
pedido;4
participaran;4
participen;4
pariciparan;4
defuncion;4
médico;4
divorciados;4
tiro;4
estaran;4
muestras;4
casarme;4
unión;4
villa pueyrredon;4
gastronómicos;4
baldear;4
carril;4
paticipan;4
graffitearon;4
comunitaria;4
muro;4
mosquitos;4
ruaga;4
asesoramiento para adopcion;4
recomendás;4
arreglarla;4
concurso;4
alumbrado;4
rivadavia;4
cervantes;4
disquerías;4
pintura;4
cónyuge;4
participantes;4
seguros;4
costando;4
cobrança;4
participa;4
intimación;4
exclusivo;4
menos;4
universitarias;4
agregar;4
masivos;4
masivo;4
deja;4
áreas;4
dolor;4
a donde queda;4
salita;4
titulo;4
tecnología;4
deportiva;4
numero telefonico;4
linea telefonico;4
retener;4
judiciales;4
podria;4
esposa;4
ciclismo;4
colocación;4
circular;4
carrera;4
martin;4
córdoba;4
infantes;4
tarjeta control;4
radiología;4
nivel secundario;4
modificatorio;4
fijación;4
necitop;4
Por dónde;4
rectificación;4
carta;4
descuentos;4
tarjeta sube;4
firma;4
contaminantes;4
contratiempo;4
pileta;4
juzgados;4
profesor;4
deber;4
mas de un;4
disidencias;4
postulacion;4
me encuentro;4
localidad;4
trapitos;4
roca;4
colegiales;4
que informacion;4
motos;4
retenida;4
autorizado;4
motivos;4
urgente;4
exigencias;4
retencion;4
niñez;4
camaras;4
retenido;4
recobrar;4
motocicletas;4
educación especial;4
educación física;4
italiano;4
crucé;4
enfermedades;4
grabacion;4
pequeños;4
mas de uno;4
teatros;4
rendicion;4
institución;4
2022;4
o;4
universitario;4
5};4
jardin de infantes;4
emergente;4
sabes;4
refaccion;4
unicaba;4
no ingresa;4
enciende;4
página;4
facil;4
página web;4
página principal;4
lgbt;4
novio;4
para nada;4
tranvía;4
novia;4
en qué;4
mas de una;4
asegurara;4
activa;4
pedagoga;4
se trata;4
bicisendas;4
toma;4
doy de alta;4
gusta;4
literatura;4
maestro;4
de que va;4
para que sirve;4
causas;4
biometria;4
pedagogo;4
planos;3
contencion;3
asistente dental;3
central;3
juniors;3
jardin maternal;3
categoría;3
establecimientos educativos;3
maternales;3
tecnicaturas;3
esterilización;3
buscaba;3
turnero;3
papa;3
atracciones;3
Farmacia hospitalaria;3
Neurofisiología;3
resurgimiento;3
núcleo;3
romper;3
popular;3
comedor;3
amalfitani;3
histología;3
Instrumentación;3
validar identidad;3
eva;3
Instrumentador;3
hemoterapia;3
hematología;3
accederia;3
complementario;3
accesos;3
articulos;3
identifican;3
partir;3
jerárquico;3
sucia;3
barre;3
ventanas;3
maneras;3
fallando;3
botánico;3
sendero;3
atmosféricos;3
solicitaron;3
horario de atencion;3
solicitacion;3
revista;3
cierran;3
equipo;3
periodo;3
linea 144;3
curriculum;3
miedo;3
2da dosis;3
acceda;3
eso;3
costeado;3
molestos;3
artículos;3
acústico;3
articulo;3
acústica;3
esto;3
cams;3
jardín de infantes;3
feas;3
temporario;3
maltrata;3
estructura;3
recurso;3
papá;3
reconsideración;3
1ra dosis;3
bilingües;3
oficios;3
accede;3
lote;3
presenciales;3
rubricar;3
catálogo;3
puntaje;3
fire;3
siproid;3
revisión;3
protección;3
modificaron;3
sabe;3
stack;3
tierra;3
tantos;3
league;3
fantasía;3
0km;3
guía;3
modifico;3
rural;3
modficacion;3
catálogos;3
catalogos;3
full;3
catalogo;3
vélez;3
definitiva;3
provisoriamente;3
artística;3
desarrollador;3
promovidas;3
piscina;3
estadísticas;3
catalogi;3
modificado;3
modificarla;3
copa;3
logísticas;3
correo;3
sumarme;3
remis;3
market;3
eléctrico;3
nuevos;3
regimen;3
garantía ba;3
alvarez;3
rurem;3
odontologia;3
email;3
comunicarme con;3
penales;3
cortes;3
tomar autobus;3
eléctrica;3
correo electronico;3
comunicame;3
turisticos;3
torneo;3
santojanni;3
cgpc;3
inseguridad;3
preguntica;3
patios;3
primera junta;3
federación;3
bondpland;3
preguntita;3
repregunta;3
vigilar;3
peques;3
baldea;3
indicadores;3
lecheros;3
anotarse;3
cgpcs;3
corrientes;3
cgps;3
desperdicia;3
asiática;3
administrativos;3
vacuno;3
obligaciones;3
ferré;3
garcía;3
vino;3
él;3
abogados;3
hipoteca;3
unico;3
ivc;3
propietarios;3
sorteo;3
réplica;3
gubernamental;3
semáforos;3
identificar;3
como hago para cargar mi cv;3
companhia;3
músicos;3
bicisenda;3
clubes;3
ejercitar;3
don;3
replica;3
ante la;3
bares;3
papanicolau;3
autodromo;3
costancia;3
pap;3
tapa;3
ruta;3
nicolás;3
adentro;3
robado;3
fotocopia;3
gimnasio;3
volver;3
archivados;3
acarreado;3
mediación;3
den;3
local bailable;3
boliche;3
analisis;3
transmisión;3
artístico;3
fuma;3
zoonosis;3
cmo;3
situación;3
plata;3
que son;3
sustancias;3
alguem;3
alguein;3
instructor;3
66;3
categoria a;3
como lo hagi;3
diferencia;3
lectora;3
sirven;3
adiccion;3
ante;3
tenet;3
guardia;3
primera vez;3
primero vez;3
antitetánica;3
labs;3
para manejar;3
mayor de edad;3
reciclable;3
evaluadora;3
cementerios;3
grita;3
En que;3
fumadora;3
centeya;3
profe;3
coordinador;3
maestra;3
hablamos;3
universidades;3
julián;3
ex zoologico;3
salón;3
listados;3
festivales;3
quedé;3
desaparecidos;3
educador;3
cabildo;3
recitales;3
lavanderías;3
otorgar;3
cambiarlos;3
antidiscriminación;3
tablet;3
apellido;3
rectificar;3
quieren;3
reforzar;3
porno;3
inspeccionan;3
sida;3
recuperando;3
ispeccionar;3
aids;3
hiv;3
vih;3
cercanas;3
medianera;3
puerto;3
tapabocas;3
autorizados;3
descompuso;3
recuperasion;3
muy;3
polideportivos;3
auditorías;3
anses;3
legalizar;3
nueva;3
metrópoli;3
escuela secundario;3
director;3
separarme;3
separación;3
polideportivo;3
veces;3
controlando;3
tonto;3
telepeaje;3
odio;3
computador;3
marido;3
porteños;3
contestaste;3
vez;3
local de comidas;3
inspección;3
inspeccionesba;3
ser util;3
recomendaria;3
bóveda;3
interesa;3
prefiero;3
nicho;3
fallecio;3
monumental;3
suscricion;3
llevó;3
fayecio;3
programada;3
fallecer;3
tapan;3
podan;3
fayecer;3
semaforo;3
fabricacion;3
climáticos;3
agente de policía;3
industria;3
gay;3
matricula;3
recomienda;3
appp;3
barbijos;3
agencia gubernamental de control;3
bibliotecas;3
a cuanto;3
cando;3
detectar;3
oficina comercial;3
usos;3
santería;3
telefone;3
apps;3
estas;3
wapp;3
interesado;3
whapp;3
cafetería;3
notable;3
wap;3
wpp;3
oportunidades;3
primero;3
reparo;3
retroactiva;3
lado;3
study;3
fiscalización;3
historia;3
maximo;3
autobús;3
consejos;3
iniciativa;3
624;3
pérdida;3
reparan;3
uva;3
milonga;3
cuidarme;3
cuidarlo;3
crio;3
avispas;3
general;3
anuncios;3
próxima;3
partidas de nacimiento;3
ciudadano;3
comercializado;3
global;3
única;3
choca;3
chocado;3
averiguacion;3
curar;3
choco;3
gravamen;3
temporalmente;3
huracán;3
tormentas;3
perdido;3
perdio;3
a nombre;3
titularidad;3
abejas;3
plaga;3
18;3
panal;3
débito;3
desocupar;3
desagotar;3
restorant;3
gastronomia;3
estafador;3
concubinato;3
tarifas;3
indumentaria;3
llegué;3
joven;3
contenido;3
emoji;3
administración;3
barrendero;3
pc;3
animal domestico;3
gravar;3
enrolamiento;3
convivencia;3
que piden;3
17;3
pueda;3
catedral;3
basílica;3
nuestra;3
requerimiento;3
entiende;3
no argentina;3
Revolución de Mayo;3
dar permiso;3
choreo;3
no soy argentina;3
sobrino;3
materia;3
trata;3
ahorro;3
energía;3
como hacen;3
comercialismo;3
reintegro;3
explicar;3
llavare;3
circulacion;3
desplazar;3
desplazarse;3
malas;3
dañada;3
pedalear;3
tarjetas credito;3
retiran;3
tarjetas de debito;3
disparos;3
dejan;3
on line;3
tarjetas de creditos;3
en linea;3
tarjetas de credito;3
deudor;3
descuento;3
sugieren;3
espera;3
cartel;3
histórico;3
activarlo;3
activarse;3
activarla;3
activado;3
partidas;3
palermo;3
electrico;3
quiero ir;3
dibujaron;3
pintaron;3
segura;3
imprimir;3
boletas;3
completar;3
tarjeta de crédito;3
van;3
rompió;3
reempadromaniento;3
dólares;3
denunciar acoso;3
prestar;3
pretamo;3
préstamos;3
empadronamiento;3
realiza;3
vencida;3
keria;3
necesito info;3
tarde;3
seguimiento;3
médicos;3
interaccion;3
interactivo;3
shows;3
abandonar;3
dolares;3
transporte publico;3
arreglen;3
centro de salud y atencion comunitaria;3
tener idea;3
conocimiento;3
aquí;3
criadero;3
rota;3
eximirte;3
centros de salud y atencion comunitaria;3
llevarla;3
escritura;3
andan;3
codo;3
facebook;3
vacantes;3
quemada;3
compensación;3
embarcaciones;3
cachorrito;3
luro;3
hospital de animales;3
desuscribirme;3
rollo;3
ciberseguridad;3
bicileta gratuita;3
hacesor;3
norma;3
drama;3
cancelarme;3
hables;3
nacionalidad;3
me encuentro en;3
normativa;3
delitos;3
cachorritos;3
clinica;3
encanta;3
desuscribir;3
parte;3
termino;3
hermana;3
mostrar;3
gobernacion;3
solo;3
desbloquear;3
final;3
haber que;3
descargarlos;3
termanar;3
jamas;3
termine;3
perros y gatos;3
bloqueado;3
bloqueada;3
suceso;3
caja;3
modelo;3
otro;3
whtas up;3
rapta;3
demasiado;3
what is;3
perdi;3
whats api;3
veterinario;3
asesorar;3
vacunatorios;3
caniles;3
a donde entro;3
aseguraran;3
asegurados;3
notificacion;3
holanda;3
buzon;3
doy;3
contribución;3
monumento;3
playón;3
podrian;3
suscripción;3
bici gratuita;3
sellos;3
privada;3
como saco turno;3
obligatorio;3
quiero turno;3
guats up;3
vacune;3
consumo de drogas;2
baldosas;2
esta abierto;2
x;2
bloqueó;2
deshabilitado;2
cafe;2
impresion;2
desbloqueo;2
consumo problematico;2
brasilera;2
ultimo;2
boliviano;2
boliviana;2
violento;2
turística;2
iglesias;2
humilla;2
encerrada;2
reembolso;2
kisiera;2
reembolsar;2
peligro;2
cada;2
amenaza;2
exámenes;2
reembolsable;2
re integrar;2
medicina;2
simbólica;2
miescuela;2
devolucion;2
casa de;2
¿quiénes;2
pq;2
terminal;2
rehabilitación;2
marihuana;2
paco;2
cerrado;2
apagadas;2
perfil;2
brasilero;2
gastos de funcionamiento;2
administracion gubernamental de ingreso publico;2
rentas;2
alrededor;2
persiguen;2
atardecer;2
que hicieron;2
como ir;2
excluyente;2
importante;2
skatepark;2
perdí;2
puerto madero;2
otra nacionalidad;2
viejos;2
orientar;2
observatorio;2
regla;2
reglamento;2
nominatividad;2
guayo;2
tapar;2
pintar;2
registrar celular;2
estratégico;2
selección;2
prepago;2
grafitis;2
extender;2
reglamentario;2
apropiación;2
reciclo;2
ilegal;2
marco;2
fideo;2
no encuentro;2
nacio;2
tomado;2
tomarla;2
merendar;2
oferta;2
antes;2
casé;2
angel;2
convivencial;2
angelito;2
divorcié;2
licha;2
postes;2
rulli;2
ruli;2
zonal;2
defensoría;2
huevo;2
apartamento;2
porcentaje;2
departamentos;2
cero;2
microemprendimientos;2
principiantes;2
parada;2
edades;2
mamás;2
alem;2
que cantidad;2
guarda;2
vigilancia;2
adoptivos;2
fundamento;2
venezolano;2
uruguayo;2
divorcio;2
heladera;2
de otro pais;2
aparatos electricos;2
toldo;2
la boca;2
tallar;2
grafiteada;2
en casa;2
doméstica;2
fiscalías;2
portón;2
seminarios;2
merienda;2
camara;2
cancelem;2
embarazada;2
anortarse;2
recursos;2
dibujo;2
brinda;2
cámara;2
parcial;2
porcion;2
jefatura;2
línea de acoso;2
porteño;2
Relaciones del trabajo;2
Producción de Indumentaria;2
Análisis Clínicos;2
Indumentaria;2
tecnicatura;2
opciones;2
otras;2
obstruye;2
garaje;2
parado;2
canje;2
supero;2
permitidos;2
castrado;2
ph;2
transportes;2
beneficio especial;2
mano;2
Enfermería;2
Gestión;2
gamer;2
Administración;2
perro y gato;2
Tiempo Libre;2
Distribución;2
Energías;2
Eficiencia;2
Alta Cocina;2
Coordinación Construcción;2
Bibliotecología;2
Comunicación;2
Dirección;2
Diseño;2
Comercio;2
Comercialización;2
Recursos Humanos;2
Higiene y Seguridad;2
Seguros;2
esterilizar;2
definicion;2
gattita;2
detener;2
milanesa;2
comisarías;2
reunión;2
portenos;2
participacion;2
chófera;2
chófer;2
chofer;2
choferes;2
inclusiva;2
android;2
privacidad;2
vacunarnos;2
antirrábica;2
extension;2
adopcion;2
golpes;2
perras;2
prenda;2
voluntarios;2
comisarias;2
formales;2
pizza;2
pasta;2
no entiendo;2
empresarias;2
centro medico;2
plato;2
pilcha;2
vestuario;2
vacunarse;2
vestido;2
clínica;2
monotributistas;2
vestir;2
luis;2
textil;2
vestimenta;2
perritas;2
Actividad;2
Análisis de Sistemas;2
ciudad de bs as;2
pusieron;2
doce;2
quinto;2
quinta;2
actualmente;2
metieron;2
clavaron;2
ginecologia;2
efectuan;2
debe;2
avisarles;2
desperdicio;2
publicos;2
murgas;2
para adultos;2
realizan;2
vecindarios;2
bis;2
bebidas;2
psiquiatra;2
14 anos;2
tratamiento;2
violaron;2
devuelvo;2
estara;2
estam;2
estaban;2
oncologia;2
14 año;2
han hecho;2
guerra;2
dentista;2
razon;2
visiten;2
criterio;2
neumonologo;2
cim;2
viaductos;2
bajen;2
Ciencias;2
computacion;2
prácticas cardíacas;2
medico de animales;2
mraida;2
Prácticas cardiológicas;2
Anestesia;2
gabriel;2
transporte público;2
toca;2
Redes;2
Mecatrónica;2
Automotores;2
Guía de Turismo;2
conservador;2
Emprendimientos Gastronómicos;2
Desarrollo;2
tomarlo;2
gatitas;2
laboratorio;2
pet;2
trayecto;2
bicileta amarilla;2
jóvenes;2
psicológicos;2
comunes;2
london;2
bicicletasde;2
city;2
centros veterinarios;2
abl bonificado;2
equipo de futbol;2
recital;2
levantamiento;2
históricos;2
libres;2
ratos;2
combatiente;2
alimentarias;2
Sistemas;2
bicicletear;2
cenar;2
descubrir;2
respuesta;2
acer;2
rompas;2
bolas;2
pelotas;2
huevos;2
ciencias;2
discriminaron;2
novedades;2
reimpresiones;2
incorrectos;2
mareo;2
reto;2
es posible;2
accidentes;2
botiqué;2
lloviznar;2
llovizna;2
a quien llamo;2
abuelos;2
adivinar;2
posibles sintomas;2
gestiono;2
categoria;2
Como;2
vencio;2
tureno;2
conductores;2
falsas;2
cenat;2
gould;2
area;2
como tengo;2
status;2
desinscribirme;2
suscribirse;2
ciencia;2
desuscripción;2
ciclovías;2
contame mas;2
de q se;2
mandes;2
respuestas;2
rutas;2
ciclistas;2
respueta;2
antecedentes penales;2
mareos;2
como son;2
electrónicas;2
diego;2
ducó;2
plate;2
alimenticios;2
manuel;2
empieza;2
gasómetro;2
lorenzo;2
casla;2
armando;2
pensión;2
maradona;2
altas temperaturas;2
empiezo;2
fútbol;2
empadronarme;2
autoridad;2
oscuro;2
votacion;2
estafaron;2
salvavidas;2
conciliacion;2
espontáneo;2
provincia de buenos aires;2
darle;2
recreativas;2
historia argentina;2
cara;2
cuerpo;2
piel;2
cuido;2
reconoce;2
personajes;2
ciudado;2
login;2
innovacion;2
vicita;2
desbordo;2
ocasionados;2
ámbito;2
cloacas;2
prodanza;2
estables;2
conservatorio;2
psicología;2
literaria;2
dificultad;2
creo;2
tuno;2
exposiciones;2
abre;2
podes;2
suplementario;2
fiscalizador;2
auto mal estacionado;2
ramos;2
asalto;2
roban;2
conecta2;2
santojani;2
alergista;2
que hay;2
boticuentos;2
pirovano;2
retuvieron;2
robôs;2
positivo;2
pequeñas;2
medianas;2
centros de salud;2
elizalde;2
argerich;2
fernandez;2
durand;2
movilidad particular;2
entrenamiento;2
buscador;2
empoderadas;2
estrategica;2
alumno;2
reparen;2
fácil;2
civiles;2
postular;2
fortabat;2
demolición;2
demoler;2
construir;2
educativa;2
2000;2
adaptado;2
prácticas;2
anterior;2
coleccion;2
parto;2
chatgpt;2
respetado;2
embarazo;2
lgtbiq;2
piñero;2
ramos mejia;2
tag;2
órgano;2
okay;2
su;2
hablame;2
encontré;2
fiscalizadores;2
+;2
juzgado;2
jurisprudencia;2
litigante;2
audiencias;2
funciones;2
tornu;2
tribunales;2
esquina;2
incendio;2
piletas;2
tarifada;2
natatorio;2
nadar;2
leer;2
tele;2
carretera;2
okey;2
oka;2
almagro;2
cancelarla;2
velez sarfield;2
psiquiatrico;2
alvear;2
viendo;2
borda;2
moyano;2
irep;2
rocca;2
muñiz;2
quemados;2
illia;2
carrillo;2
de ojos;2
oftalmologico;2
ellos;2
lagleyze;2
santa lucia;2
cancelarlo;2
sarda;2
udaondo;2
historieta;2
racing;2
academia;2
velez;2
secuestro;2
duele;2
duración;2
autonomía;2
como llego;2
telefónica;2
malestar;2
tec;2
modalidad;2
japonés;2
molestia;2
remolcaron;2
estatus;2
incautación;2
hospitalaria;2
debito;2
recogieron;2
recorre;2
vuelta;2
vuelven;2
devuelven;2
vuelvo;2
vuelve;2
cesacs;2
titulos;2
analitico;2
digitales;2
recuperarse;2
moneda;2
reimputación;2
devolución;2
rápida;2
usina;2
asignación;2
nro;2
unidad;2
smartphone;2
smart phone;2
30;2
it;2
separo;2
dueño;2
rcp;2
después;2
centro de salud;2
centro de atencion de salud primaria;2
primario;2
populares;2
vuelva;2
predios;2
rubricar documentacion laboral;2
supera;2
división;2
leandro;2
activarme;2
urbanístico;2
toro;2
martínez;2
semáforo;2
paul;2
depaul;2
paulo;2
pablo;2
circulación;2
deudores;2
scaloni;2
documentales;2
palacios;2
patricios;2
cemento;2
correa;2
corea;2
mercat;2
tucu;2
cuti;2
romero;2
domiciliarios;2
números;2
onda;2
explorar;2
operadores;2
explicarme;2
explican;2
moroso;2
firmarle;2
servicio de poda;2
firmar;2
firmaria;2
firmarlo;2
contaminación;2
sitios;2
plataforma;2
evaluación;2
remota;2
cubre;2
lleno;2
ascenso;2
lionel;2
protocolo;2
miguel;2
inmediato;2
aeropuertos;2
larreta;2
corte;2
tango;2
algun operador;2
vals;2
recinto;2
industrial;2
inicio;2
65;2
bam;2
torre;2
automóvil;2
26743;2
talk;2
uiero;2
derivar;2
qero;2
ir con;2
fuertes;2
lluvias;2
temporal;2
interés;2
telón;2
josé;2
temporaria;2
pedagógica;2
permanente;2
rubrica de documentacion laboral;2
rubrica;2
centralizar;2
centralización;2
complejo;2
calificar;2
abandonado;2
calificando;2
importantes;2
califico;2
movilidad reducida;2
q fecha;2
que fecha;2
en que fecha;2
ba desde adentro;2
empiezan;2
usado;2
prendarios;2
registrados;2
electoral;2
código;2
indicador;2
coloreador;2
dibujante;2
currilucum;2
municipales;2
vamos;2
parrillas;2
parrilla;2
asado;2
divisas;2
tips;2
comercializar;2
todavía;2
que dias;2
3 dias;2
que dia;2
buen dia;2
qué día;2
q dia;2
q dias;2
combatientes;2
arancel;2
sana;2
sanas;2
cirugías;2
atar;2
currilucu;2
artistas;2
quemó;2
vallado;2
diarios;2
revistas;2
toldos;2
instalar;2
calesitas;2
aplicar;2
daño;2
tormenta;2
individuo;2
conversar;2
columna;2
diluvio;2
me pasas;2
paseme;2
lluvia;2
pirotecnia;2
andamios;2
emplazamiento;2
comercializan;2
manualistas;2
encauzar;2
pictogramas;2
espinograma;2
comidas;2
parque patricios;2
entretenimiento;2
telefónico;2
paginas;2
ciudadania portena;2
santuario;2
card;2
pastilla;2
pagadas;2
plastico;2
enfrente;2
visa;2
demorados;2
preguntarle;2
retrasados;2
san cristobal;2
san telmo;2
inspecciones;2
anticonceptivos;2
pastillas anticonceptivas;2
perdidas;2
lector;2
pantalla;2
harán;2
perdidos;2
botigrama;2
parque chas;2
entretenida;2
pagados;2
examenes;2
formatos;2
depositaron;2
embajadores;2
tipo;2
mercar;2
constitucion;2
negociar;2
devoto;2
liniers;2
cuanto tiempo;2
templo;2
trasplantes;2
nuñez;2
protege;2
religioso;2
dñklsdksadml;2
interactuar;2
ayuden a postularme;2
catalo;2
parque avellaneda;2
parque chacabuco;2
telefonia;2
ayuda economica;2
venden;2
desactivar;2
prima;2
primo;2
velez sarsfield;2
básico;2
estaba;2
pcr;2
saliva;2
genérica;2
extraviar;2
no me acordar;2
suspendieron;2
rapido;2
express;2
tener en cuenta;2
no recordar;2
roto;2
planta;2
que deberia;2
villa real;2
virus del sida;2
cumpleboti;2
olvidar;2
fireleague;2
+Fácil;2
Virus de Inmunodeficiencia Humana;2
botianiversario;2
interrupción;2
+Fácil?;2
grabado de auto partes;2
cumplís;2
bots;2
floralis;2
boticumple;2
situacion;2
dispone;2
versalles;2
laborales;2
villa crespo;2
tdc;2
td;2
tc;2
villa del parque;2
chip;2
suspendido;2
hipotecarios;2
americanexpress;2
empleabilidad;2
posee;2
interesada;2
integración;2
durmiendo;2
búsqueda;2
accesibilidad;2
piedra;2
villa devoto;2
mastercard;2
acreditar;2
frio;2
contabilidad;2
salir del pais;2
salir de argentina;2
momento;2
médula;2
depositan;2
sortea;2
organización;2
alérgica;2
recuperación;2
codigo;2
postal;2
edicion;2
disponible;2
sábado;2
descompuesto;2
chorreado;2
olvidé;2
locales;2
marcó;2
reacción;2
pont;2
declaración jurada;2
ddj;2
útero;2
turístico;2
declaracion jurada;2
le;2
turistico;2
sorteos;2
mamas;2
sortear;2
temprano;2
organizacion;2
reemplazo;2
inspecc;2
afip;2
2do;2
ecológica;2
chorrear;2
sustituir;2
energia;2
reemplazar;2
3ra;2
tercer;2
regimenes;2
ufus;2
administracion federal de ingreso publico;2
sostenible;2
sika;2
darse;2
invirtiendo;2
chorearon;2
ecología;2
lleve;2
devuelvan;2
sedes comunales;2
dispensar;2
devuelve;2
sputnik;2
CONOCER;2
pfizer;2
aztraseneca;2
incentivo;2
competencia;2
diagnóstico;2
tardan;2
rompio;2
itinerantes;2
fiabs;2
tomarme;2
prefijadas;2
corona;2
diu;2
fijar;2
reparacin;2
ladrones;2
hundida;2
tardaria;2
tardo;2
estaciono;2
arregle;2
arreglos;2
netbooks;2
metropolitana;2
donantes;2
escuchar;2
santa;2
sífilis;2
omnibus;2
coghlan;2
manden;2
noti;2
tardaza;2
inteligencia artificial;2
cabecera;2
recibieron;2
genitales;2
papanicolaou;2
hackeo;2
fumigación;2
bebés;2
permite;2
tos;2
garganta;2
temperatura;2
urbe;2
realización;2
insectos;2
restaurant;2
mosquito;2
restaurantes;2
desratización;2
nido;2
tardanza;2
acoso sexual transporte publico;2
lugares para comer;2
tardara;2
tardar;2
redes;2
acciones;2
plagas;2
boot;2
aparecer;2
ecológicos;2
hago para generar;2
chatarra;2
??144;2
informame;2
solucionar problemas;2
uniones;2
choto;2
numero de contacto;2
desastre;2
pero;2
mandame;2
mejora;2
necesito reclamar los valores asignados por el valor inmobiliario de referencia;2
sanar;2
sexo;2
testadicciones;2
sufro;2
sucias;2
no me puedo;2
estacioanr;2
desafío;2
mugre;2
mandas;2
testobfindejunio;2
qisiera;2
informcion;2
emergentes;2
matar;2
ricciardelli;2
morir;2
20;2
fallado;2
tema;2
mal olor;2
maderas;2
vidrios;2
disposición;2
hoy;2
tuve;2
rato;2
103;2
yo;2
charlamos;2
contaron;2
podías;2
hojas;2
q informacion;2
cuenteme;2
diablo;2
cambierlo;2
mexico;2
nada que ver;2
claro que no;2
dejo;2
novie;2
paraguay;2
tampoco;2
cincelamiento;2
uruguay;2
amigos;2
europa;2
homosexual;2
1988;2
españa;2
lesbiana;2
mucho;2
version;2
disponer;2
denunciar a la policia;2
postularme;2
pueblo;2
graban;2
nadie;2
italia;2
unidad administrativo de control de faltas;2
india;2
trasporte publico;2
estacionamienro;2
correr;2
preinscripciones;2
mostrame;2
2124;2
102;2
grooming;2
mucha;2
ningun;2
ni;2
voluntario;2
mejorar;2
discripcion;2
pronostico;2
bien;2
siempre;2
acta de transito;2
de ningun manera;2
mío;2
muy poco probable;2
unirme;2
responsable;2
maravilloso;2
panteón;2
mudar;2
mandarme;2
traslado;2
responden;2
chasis;2
guias;2
atraso;2
varon;2
citación;2
resolver problemas;2
gobierno de la ciudad de buenos;2
cadaveres;2
ansiedad;2
triste;2
favorito;2
color;2
cédula;2
cntactarne;2
venga;2
modificaciones;2
maltratan;2
atrasado;2
responda;2
cenizas;2
huertas;2
fantastico;2
actualizada;2
pito;2
actualiza;2
actualizadas;2
atualizar;2
café;2
pico;2
fantástico;2
clic;2
despido;2
proyectos;2
gobierno de la ciudad autonoma de buenos;2
¡muchas;2
quiero ingresar;2
muchos;2
indemnización;2
calentamiento;2
despidieron;2
convivir;2
notificarme;2
aportes;2
puto;2
ladron;2
psiquiátrica;2
deprimido;2
presidente;2
emitir;2
colección;2
charlas;2
transitar;2
cambia;2
contactarnos;2
depresión;2
contactarse;2
nacion;2
sarsfield;2
poto;2
medios;2
adoquines;2
mugica;2
modificada;2
pegan;2
primer mandatario;2
hasta;2
disfrutes;2
simplificado;1
aulas;1
leopoldo;1
tributario;1
excursionistas;1
miguelito;1
riestra;1
granja;1
comprobamiju12;1
cadena;1
comunitario;1
contesten;1
sorpresa;1
verte;1
estás;1
impositivo;1
adivinanzas;1
pruebamiju123;1
verificamiju1;1
procedimientos medicos;1
respondes;1
jugando;1
hormonas;1
lugones;1
bloquean;1
globo;1
embarcacion;1
cuervos;1
gallinas;1
ingresarentrar;1
puedan;1
respecto;1
bloquearon;1
bloque;1
historico;1
fortín;1
bosteros;1
vloqueo;1
moreno;1
centenera;1
realice;1
bloqueat;1
formalizacion;1
embarcación;1
chicago;1
bloquear;1
fernández;1
bicho;1
baldomero;1
hormonización;1
barco;1
superliga;1
intentamiju123;1
acertijos;1
parroquia;1
comunicaciones;1
discriminar;1
calefacción;1
discriminacion;1
no tengo;1
calefaccionar;1
mostras;1
das;1
moratoria;1
anclaje;1
to;1
como se pide;1
calentar;1
hornallas;1
a que telefono;1
complicacion;1
guardar;1
chusmear;1
febril;1
botijuegos;1
trimestral;1
ayuda para;1
maxima;1
recaudación;1
aburro;1
aburrido;1
católica;1
carbono;1
talk to;1
subdirección;1
intimaciones;1
monóxido;1
jugamos;1
co2;1
test_perfil2;1
jueguitos;1
discrminación;1
discriminada;1
permitida;1
sanciones;1
conflicto;1
pregunte;1
escenario;1
bombonera;1
lamadrid;1
trasplantado;1
trasplantada;1
testhistoriaochoeme;1
verdad;1
conta;1
atendeme;1
decime;1
respondas;1
defensores;1
viajantes;1
contribucion;1
justina;1
trabalenguas;1
ferro;1
testperdidosba;1
vecinal;1
contate;1
me siento mal;1
medular;1
sanitaria;1
médula adrenal;1
gracias;1
espero;1
fuga;1
mami;1
córneas;1
bicicletero;1
amarrar;1
anclar;1
lesbianas;1
huesos;1
atletico;1
estadios;1
stiker;1
existen;1
binario;1
fluido;1
horno;1
blinkay;1
fiscales;1
pas;1
depresion;1
ansioso;1
angustia;1
saludmental;1
saludmentalresponde;1
convenciones;1
testmetrobusbajo;1
rehabilitación psicofisica;1
oncologia marie curie;1
maternidad;1
pasaje;1
gutierrez;1
rehabilitacion psicofisica;1
para negocios;1
marie curie;1
ferrer;1
angustiosamente;1
tobar garcia;1
introductorio;1
centros sanitarios;1
^hospital*agudos;1
teodoro;1
suicida;1
suicidarme;1
[aá]lvarez+{0;1
^hospital*niños;1
guti[eé]rrez+{0;1
matarme;1
tristeza;1
centros medicos;1
sanatorios;1
guitierrez;1
geriátricos;1
angustiado;1
psicólogo;1
geriátricas;1
agronomia;1
balvanera;1
luc[ií]a+{0;1
csgo;1
pongan;1
media cuadra;1
mi cuadra;1
free;1
actuar;1
tramitación;1
vale;1
valer;1
de que se trata;1
lol;1
vr;1
dar clase;1
?????;1
esports;1
fortnite;1
puedo nadar;1
demoscoring;1
como veo;1
chacarit;1
villa luro;1
por telefono;1
fotografia;1
virutal;1
la paternal;1
monte castro;1
nueva pompeya;1
villa general mitre;1
villa riachuelo;1
vigentes;1
villa santa rita;1
villa soldati;1
villa urquiza;1
valen;1
valore;1
score;1
chorros;1
mato;1
cometer;1
tecnológica;1
lacroze;1
terminalidad;1
Funcionamiento;1
Lugares;1
Sedes;1
modalidades;1
adultos2000;1
Transporte;1
seis;1
alternativos;1
Fecha;1
bilingüe;1
Vacantes;1
Inscripción;1
cupos;1
hábitat;1
fiscalizado;1
complementarios;1
secundarias;1
valoración;1
aprende;1
turisteandotest123;1
carreras estrategicas;1
estratégica;1
repare;1
reparada;1
reparos;1
Deportes;1
Merienda;1
Actividades;1
Recreación;1
Almuerzo;1
amalita;1
Desayuno;1
amalia;1
Pileta;1
distritos;1
exploración;1
diversidad;1
^hospital*oftalmolog[ií]a;1
vida;1
pastori;1
ecocadigrama;1
brote;1
fey;1
respiratorio;1
aparato;1
mejias;1
buenas;1
espiritual;1
noches;1
^hospital*general?*agudos+{0;1
geriátrica;1
^hospital*rehabilitaci[oó]n+*rocca?{0;1
^hospital*oftalmol[oó]gico?*lagleyze+{0;1
^hospital*materno;1
sard[aá]+{0;1
psicotico;1
mejia;1
taxista;1
jose;1
tachero;1
prueba;1
movilidad;1
consultarte;1
moverme;1
testsapmovilidad;1
pie;1
pena;1
cardiologo;1
odontopediatra;1
navegar;1
fondo;1
ojo;1
endodoncia;1
charlemos;1
dueñas;1
aquagym;1
realidad;1
regularización;1
no logro acordar;1
olvide;1
no puedo recordar;1
no me acorde;1
acordarme;1
recordarme;1
no puedo ingresar;1
no puedo acordar;1
acordar;1
cm hago;1
olvidarse;1
olvidamos;1
olvido;1
olvidarme;1
olvidado;1
olvidada;1
pasword;1
abro;1
problemas para ingresar;1
passwrod;1
apagones;1
meddor;1
medidr;1
medidir;1
suministro;1
hackearon;1
flujo;1
fallos;1
cospeles;1
ecopunto;1
parquímetros;1
admite;1
imposible;1
detalles;1
Datos;1
loguearme;1
loguear;1
password;1
pass word;1
gamers;1
soy de;1
running;1
presion;1
provinvia;1
zona sur;1
pcia;1
prov;1
morar;1
ciudad de la plata;1
yoga;1
mision;1
hallo;1
ando;1
soi;1
tomás;1
adolfo;1
biología;1
tenis;1
adultos mayores;1
Sacar;1
creación;1
recategorización;1
validación;1
lengua;1
Baja;1
no anda bien;1
registarne;1
Alta;1
matemática;1
química;1
certificada;1
ejercicio;1
activas;1
corre;1
funcione;1
fitness;1
ejercicios;1
medidor;1
la cuenta;1
geografía;1
que mejoraron;1
fraudulentas;1
tráfico;1
boletín;1
legends;1
muji;1
poligonal;1
prestador;1
compañías;1
engaños;1
útiles;1
ficha;1
empresarial;1
productivo;1
bicicletería;1
bicicleterías;1
pinchadura;1
ochava;1
of;1
agrego;1
testdesafio2botigrama;1
dominial;1
de dominio;1
stdcharlavirtual;1
go;1
cs;1
testbotigrama;1
valorant;1
sim;1
citas;1
profesorados;1
playas;1
nomenclatura;1
parcelaria;1
falsos;1
reglas;1
offensive;1
lúdicas;1
experiencias;1
pincho;1
orientacion;1
equivocadas;1
equivocada;1
equivocación;1
equivocar;1
equivocacion;1
jurídicas;1
antidiscriminacion;1
monofasica;1
política;1
extracción;1
peligrosos;1
monofasico;1
filosofía;1
tensión;1
interrupciones;1
biométrico;1
simbolo;1
equivocado;1
fue;1
Barrio;1
creativo;1
cyberseguridad;1
afiliarme;1
asociarse;1
competir;1
federaciones;1
trayectos;1
vías;1
pistas;1
cortó;1
antecedente;1
presión;1
dificultades;1
fisca;1
cables;1
examinamiju123;1
sumaria;1
cané;1
notisia;1
inmobiliaria;1
acercar;1
cierr;1
cerrados;1
noticias;1
interesados;1
notisias;1
noticia;1
metrópolis;1
ciclos;1
confiteria;1
telmo;1
me interesaria;1
me interesa saber;1
para pagar menos de abl;1
quiero pagar menos de abl porque soy ex combatiente de malvinas y propietario de un solo inmueble;1
cerradas;1
museos:;1
envíes;1
físicas;1
ciudadano de buenos aires;1
cortes de calle;1
haré;1
carnaval;1
corsos;1
iniciarme;1
habría;1
alberdidirectorio;1
radicacion;1
transferi;1
testprimerapreggaminglabs;1
testmejornogaminglabs;1
contarte;1
testvideogaming;1
interes;1
transferencia;1
considero;1
fastidies;1
fin;1
horrible;1
bachiller;1
hermanos;1
publicas;1
para anotarse;1
testplanesrandom;1
que hago con;1
terrible;1
declaracion;1
escuela publica;1
cómo dejo registro de que vendiste un auto;1
de transito;1
aparcado;1
bajada;1
que sabes;1
produzco;1
estacionó;1
colegio público;1
conocé;1
debiendo;1
andando;1
uva banco ciudad;1
prestamo hipotecario;1
deudas;1
clean;1
metro;1
sugerime;1
estropeado;1
necesito dejar registro de que vendí un auto;1
como esta;1
mal estado;1
averiado;1
defectuoso;1
inunda la casa;1
casa inundada;1
ba 147;1
call center 147;1
carnavales;1
Soporte gaming;1
problemáticos;1
dedicar;1
test saliva;1
medicos;1
anochecer;1
velada;1
veo;1
boletines;1
medica;1
analizan;1
sagrada;1
tranfer;1
transferido;1
laboratorios;1
coach;1
artículo;1
art;1
clasificación;1
nocturnidad;1
oscuras;1
deteriorado;1
oscura;1
avalúo;1
sagrado;1
peregrinación;1
penumbra;1
transferida;1
mística;1
anochece;1
rumores;1
oscuridad;1
veneración;1
ocaso;1
sarscov2;1
crepúsculo;1
coronavirus en mi viaje;1
subtitulado;1
lengua de señas;1
tranfiero;1
analisar;1
soportegaming;1
anulación;1
hará;1
ayudo;1
tranferir;1
cromañon;1
adolescencia;1
transfer;1
cancelado;1
haria;1
habria;1
cancelacion;1
haran;1
anulacion;1
cacelar;1
cancelación;1
cansselar;1
entradasba;1
trabajadora;1
transferirme;1
analisan;1
sobreviviente;1
mudarme;1
mude;1
transformación;1
pasás;1
febriles;1
ufu;1
conecto;1
transferible;1
jubilada;1
tragedia;1
veterano;1
veteranos;1
jubiladas;1
habra;1
jubilado;1
jubilar;1
vendí;1
titular;1
necesito acceder a mi plan de facilidades;1
introducciontest;1
microeconomía;1
PyMES;1
personales;1
basico;1
preguntav2m3;1
pruebagsheet1;1
video2m3;1
testmodulo2;1
bancarias;1
video3m2;1
pregunta1v3;1
pre1m1;1
verdenuevov3;1
pedidosdedatos;1
preguntav3m2;1
preguntav3m3;1
destinado;1
testrendicionsubsidio;1
ciberacoso;1
convivenciales;1
cómo hacer descargos;1
quiero saber como y que necesito para hacer descargos;1
inquilino;1
propiedades;1
necesito que me bonifiquen el abl por ser dueño de un inmueble declarado monumento;1
prop;1
llena;1
escribir;1
declarado;1
locación;1
cómo hago para que me bonifiquen el abl por ser dueño de un inmueble declarado monumento;1
cuponera;1
chequera;1
fallecimeinto;1
fecha de muerte;1
difunto;1
saldo a favor;1
informáticas;1
que seria;1
atestación;1
deberia;1
desejaria;1
necesito dar de baja la exención del pago de contribución;1
desistimiento;1
salto;1
testimonial;1
testimonio;1
sin dni;1
debo cargar;1
dir nacional de migraciones;1
atestiguamiento;1
evidencia;1
dnm;1
dirección nacional de migraciones;1
afirmación;1
testificación;1
recarga;1
nafta;1
suplantación;1
fraude;1
malware;1
engaño;1
engancho;1
ciberestafa;1
cibernetica;1
pishing;1
pagar menos de abl;1
crimen;1
estacion de servicio;1
informático;1
quiero pagar menos de abl porque soy propietario de un solo inmueble destinado a vivienda;1
testcolainfracciones;1
cercanía;1
hacer deporte;1
wi fi;1
cuartel de bomberos;1
descansar;1
descansa;1
descansando;1
prescolar;1
cómo acceder a un plan de facilidades;1
ataud;1
cremacion;1
cuerpos;1
muertos;1
preescolar;1
parejas;1
terciaria;1
óseos;1
universitaria;1
asfalto;1
fallecidos;1
profesionalizantes;1
info extra;1
me informarian;1
bovedas;1
análisis;1
sepultura;1
refrescarse;1
ni idea;1
arequipa;1
tumbas;1
que se trata;1
testtramitescementerios;1
ataúdes;1
que serian;1
no se;1
ataudes;1
panteon;1
reducción;1
profesores;1
cremación;1
abuela;1
analises;1
falleció;1
murio;1
me informar;1
por zoom;1
cdr;1
necesito imputar pagos;1
guia;1
completa;1
miligramos;1
imputar;1
mg;1
respuesta negativa;1
soporte;1
que tengo;1
quiero acceder a un plan de facilidades;1
que tengo q;1
sea;1
qué necesito para hacer descargos;1
corporacion;1
corporación;1
aire fresco;1
fresco;1
quiero saber qué necesito para imputar pagos;1
cierrebaficitest;1
empleos;1
cordón;1
mandarle;1
reemplaza;1
celu;1
tengo ganas de;1
tengo ganas;1
iphone;1
debera;1
deberian;1
salida;1
startups;1
cadete;1
recomendarme;1
cine internacional;1
chau;1
chao;1
19;1
consumos;1
premetro;1
lean;1
inmunodeficiencia;1
tagliafico;1
sacarle;1
lio;1
leonel;1
pulga;1
cristian;1
cifa;1
síndrome de inmunodeficiencia adquirida;1
lautaro;1
martines;1
implante;1
foyth;1
subdérmico;1
julian;1
araña;1
lopez;1
vicente;1
molina;1
estacion;1
hachar;1
aclarar;1
podado;1
farol;1
automatizado;1
gerontológico;1
envejecimiento;1
escucha;1
adquiri;1
farmacia;1
farmacias;1
automatico;1
ciento cuarenta y cuatro;1
companero;1
cubren;1
testmetrobusnorte;1
nahuel;1
dybala;1
contenidos;1
alejandro;1
joaco;1
its;1
allister;1
McCallister;1
Macalister;1
alexis;1
papu;1
ale;1
ezequiel;1
gómez;1
sexuales;1
forro;1
condones;1
preservativos;1
diagnostico;1
gonzález;1
joaquín;1
exe;1
anticonceptiva;1
nico;1
dyvala;1
gonzalo;1
inyección;1
cachete;1
montiel;1
anticonceptivas;1
otamendi;1
emiliano;1
exequiel;1
emi;1
dibu;1
emilio;1
hpv;1
martinez;1
ets;1
Palacio;1
caído;1
mí;1
internación;1
vulnerados;1
güiraldes;1
ricardo;1
posteventogastrotest;1
bonifiquen;1
cómo hago para que me bonifiquen el abl por ser dueño de una sala teatral;1
transicion;1
de paso;1
hablar con un especialista contención;1
buen;1
temporariamente;1
aumenta;1
aumentar;1
boletas abl;1
pruebaausatestdani;1
aumento;1
facturacion;1
reina;1
buena;1
barrenderos;1
letra;1
c;1
linea e;1
biblioclub;1
móvil;1
cápsulas;1
abc;1
d;1
harta;1
abono;1
¿a;1
éxito;1
lectura;1
batata;1
Quiero viajar;1
tengamos;1
h;1
basurero que limpia la calle;1
barran;1
automatica;1
comprovantes;1
normas;1
inclumple;1
testagentenodisponible;1
testqrlucho;1
revisar_datos_test;1
covit;1
comprobnate;1
comprobantes;1
saca;1
vacunados;1
inmunidad;1
molestar;1
hayunerror_test;1
molesto;1
poden;1
5420;1
secuestrada;1
secuestraron;1
disponibles;1
acarrear por grua;1
bienes;1
televisores;1
heladeras;1
sec;1
sto;1
acarrear;1
acarrear grua;1
acarrear por la grua;1
rapto;1
trasladar por grua;1
cesto papelero;1
volquete;1
cesto;1
cestos;1
tiré;1
juntar;1
gonsales;1
Nico;1
lisandro;1
no puedo;1
balcarce;1
castelli;1
zapiola;1
monseñor;1
andrea;1
n;1
no pude;1
colombia;1
mariano;1
medidas por coronavirus;1
shopping;1
confinamiento;1
santoyani;1
benito;1
nazar;1
aislamiento social;1
aislamiento;1
protocolos;1
nariz;1
armenia;1
provincias;1
estrecho;1
olímpico;1
echeverría;1
sársfield;1
optativo;1
chacabuco;1
andes;1
restricciones;1
aristóbulo;1
valle;1
garicoitis;1
udine;1
medidas sanitarias;1
heras;1
arenales;1
distanciamiento social preventivo y obligatorio;1
aislamiento social preventivo y obligatorio;1
sacarse;1
sustancia;1
estupefaciente;1
lcd;1
medicacion;1
tosiendo;1
porro;1
remedio;1
qué necesito hacer para el trámite de impuestos al sello;1
cocaína;1
requisitos para hacer el trámite de impuestos al sello;1
cómo hacer el trámite de impuestos al sello;1
pasta base;1
como prevenir;1
virus;1
muertes;1
adicta;1
alcohólico;1
cocaina;1
respiratoria;1
bosco;1
qué necesito hacer para tramitar el reintegro en impuesto al sello;1
quiero reclamar los valores asignados por el valor inmobiliario de referencia;1
manzana;1
fruta;1
frutas;1
testdaniprueba;1
dispo;1
requisitos para tramitar el reintegro en impuesto al sello;1
Aislamiento;1
respirar;1
aspo;1
cómo tramitar el reintegro en impuesto al sello;1
juegos de apuestas;1
relacionada;1
ludopatia;1
ludopata;1
consumo de alcohol;1
rosario;1
vacuné;1
penal;1
desparramada;1
franco;1
pulpo;1
etm;1
armani;1
chinkungunya;1
scaloneta;1
definen;1
inaugurar;1
rodríguez;1
refieren;1
vinos;1
niveles;1
ayudas;1
toscaneras;1
qué necesito hacer para tramitar el impuesto inmobiliario;1
cómo tramitar el impuesto inmobiliario;1
rodrigues;1
gido;1
igual;1
acuña;1
colocarse;1
gerónimo;1
dispositivo intrauterino;1
marcos;1
intrauterino;1
dispositivo;1
testpushdengue;1
acunia;1
guido;1
pica;1
maria;1
dimaria;1
picadura;1
transmitidas;1
almada;1
thiago;1
real;1
misericordia;1
conservar;1
cómo reclamo los valores asignados por el valor inmobiliario de referencia;1
contribuyentes;1
agricultura;1
encargado;1
encargada;1
encargados;1
testearse;1
recicla;1
orgánicos;1
carrefour;1
compostables;1
irlanda;1
güemes;1
vera;1
hacerme el test;1
peñaloza;1
hacer el test;1
chikungunya;1
0;1
urbana;1
contibuyentes;1
centenario;1
usadas;1
preocuparse;1
recargables;1
necesito hacer el reclamo porque no estoy de acuerdo con los valores asignados por el gobierno de la ciudad para la valuación fiscal homogénea de tu inmueble;1
cómo hago el reclamo porque no estoy de acuerdo con los valores asignados por el gobierno de la ciudad para la valuación fiscal homogénea de mi inmueble;1
depuracion;1
apartar;1
segmentar;1
dividir;1
catalogar;1
clasificar;1
quiero hacer un reclamo porque no estoy de acuerdo con los valores asignados por el gobierno de la ciudad para la valuación fiscal homogénea de tu inmueble;1
embajador;1
embajadora;1
testimpulsatenegocio;1
tanto;1
refacción;1
trabuco;1
co[gj]e{0;1
co[gj]ido;1
garch{0;1
f[ua]c?k;1
paja;1
guasca;1
wasca;1
maraca;1
maricon;1
kilombo;1
pajer[oa]s?\\b*;1
puterio;1
cabaret\\b*;1
pario;1
orto;1
[ck]uli?e?ar;1
fifar;1
empern{0;1
se[xs]o;1
*\\bporong{0;1
oral;1
nab;1
verga;1
"amor;acemos";1
bu;1
preferido;1
chica;1
vehiculo de transporte de pasajeros;1
cumplis;1
naciste;1
crearon;1
aparecistes;1
"amor;hacer*amor*";1
"you*;fuck";1
estupid;1
"wtf;fuck";1
*\\bput;1
chot;1
ptu;1
trol;1
bolud;1
pelotud;1
tarad;1
forr;1
pija;1
polla;1
presidentes comunas;1
orgia;1
malardo;1
restos de vehiculo;1
nazi;1
hitler;1
dejen;1
terminen;1
relación;1
coito;1
garchando;1
pene;1
chotisimo;1
cópula;1
falo;1
morite;1
muerete;1
favorita;1
vehiculo de transporte;1
diablooo;1
skere;1
skr;1
malísimo;1
porqueria;1
putita;1
[sz]oretes?;1
tragasable;1
imbecil;1
carajo;1
mierda;1
cagada;1
cagon?;1
caca;1
[ck]ulos?;1
potos?;1
tere[sz]os?;1
malisimo;1
[kc]oncha;1
[ck]achucha;1
pendejo;1
vagina;1
chupala;1
vehiculo de carga;1
gil;1
lpm;1
teodeeoo;1
no me llega;1
cuando me llega;1
abona;1
ovario;1
mamarios;1
femenina;1
médicas;1
revisiones;1
tardes;1
cérvix;1
lucha;1
accion;1
actions;1
ginecológico;1
utero;1
artesanías;1
filatelia;1
numismática;1
libreros;1
francesa;1
baratos;1
itinerante;1
ganas;1
fe;1
cánceres;1
tardaron;1
queria pedir;1
de nuevo;1
ubicación comunas;1
buscar comuna;1
en qué comuna estoy;1
variacion;1
restaurar;1
adhiero;1
adherirse;1
adherirme;1
subsidiaria;1
otra vez;1
calcular;1
sociedad;1
dependencia;1
operario;1
corazón;1
genito;1
hasta cuando;1
mamario;1
presentacion;1
reempadronamiento;1
linea de colectivo;1
no funciona;1
eliminacion;1
filmar;1
otra provincia;1
recien nacido;1
hijastro;1
bebito;1
quienes pueden;1
bebita;1
bbs;1
recien nacidos;1
grabado de autopartes pasos;1
registro verificador de autopartes;1
deshabilitar;1
rva;1
determinar;1
tallarme;1
grabarme;1
concurro;1
sugerir;1
propuesta;1
informativas;1
adheridos;1
habilitadas;1
represento;1
tengo que tener;1
articular;1
desactivacion;1
des vincular;1
des adhesion;1
derecho de alimentos;1
como bajar;1
anular;1
arriba;1
desempleado;1
insercion;1
desocupado;1
desocupados;1
CV;1
busco trabajo;1
curriculum vitae;1
escuela de maestros;1
postítulos;1
campus;1
automivil;1
cumplir;1
skereeeee;1
skereee;1
skeree;1
quiero informacion;1
disponen;1
informales;1
plazo;1
monto;1
poseen;1
creditos hipotecarios;1
cívica;1
D N I;1
dni nuevo;1
quiero info;1
vecinas;1
superar;1
tope;1
civica;1
educacion superior;1
terciarias;1
recien;1
técnicos;1
reservé;1
reservado;1
independientes;1
confianza;1
diferenciar;1
jornadas;1
definicon;1
centro médico;1
prestan;1
enfermedad animal;1
rabia;1
vacunemos;1
antirrabica;1
contra la rabia;1
bebida alcohólica;1
cachorra;1
confiable;1
donde puedo;1
quiero hacer;1
disponibilidad;1
arrancar;1
iniciado;1
garantizar;1
celulares;1
confiar;1
ios;1
turnera;1
turnod;1
ginecóloga;1
neurolingüista;1
cocina;1
pantalones;1
pantalon;1
pantalón;1
especualista;1
especialistas;1
especialista;1
oficio;1
neurolingüística;1
retinología;1
Endoscopia;1
podólogo;1
podología;1
infectología;1
ganar;1
premios;1
ahorros;1
ortodoncia;1
odontopediatría;1
garantia ba;1
enseñanza;1
programa académico;1
educativas;1
formal;1
rinoplastía;1
ecografía;1
tomografía;1
facilitador;1
Prácticas cardiológicas laboratorio;1
resonancia;1
urologia;1
almuerzos;1
nivel inicial;1
nivel primario;1
reumatología;1
nivel terciario;1
nivel superior;1
neurólogo;1
neurología;1
especolista;1
maternal;1
nucleados;1
enof;1
diferencias;1
diferentes;1
carroceria;1
queres ser;1
¿cuál;1
ves;1
091218;1
pride;1
lgbtiq;1
lgbti;1
260611;1
rey;1
vivis;1
heterosexual;1
sacaste;1
intersexual;1
muy amable;1
gentil;1
amable;1
objetivo;1
contra un policia;1
motochorros;1
contravencion;1
movil;1
sueño;1
¿de;1
conservadora;1
de consulta;1
nopor;1
mandaste;1
la respuesta;1
esa respuesta;1
tu respuesta;1
motovehiculos;1
deben;1
copia fiel de;1
está mal;1
macri cat;1
feo;1
macri gato;1
pelado boton;1
miauricio;1
mmlpqtp;1
macri gorila;1
pelado vigilante;1
pelado del orto;1
pelado puto;1
pelado cara rota;1
cel;1
muchas;1
sistemas;1
adolecentes;1
maltratos;1
tembici;1
centros integrales de la mujer;1
itinerario;1
galilei;1
galileo;1
asociación;1
sala de auxilio;1
hospitalario;1
sanatorio;1
dónde están;1
tengo q hacer;1
costanera sur;1
castraciones;1
cierra;1
cupo;1
mudaron;1
cuidan;1
pasó;1
centro de atencion;1
acoso callejero;1
acosadas;1
via peatonal;1
cambió;1
obligatoriamente;1
dónde quedan;1
sud;1
aplicacion movil;1
no me permite;1
no habilitado;1
inhabilitado;1
dado de baja;1
inactiva;1
desactivada;1
aula;1
adelante;1
ecobici??;1
detallar;1
por aqui;1
por aca;1
regresar;1
agarrar;1
confirmación;1
funcionamiento comunas;1
cargos comunas;1
nefrólogo;1
juventud;1
robots;1
garantiza;1
protegen;1
re enviar;1
lee;1
reenviar;1
oir;1
escucharon;1
paquete;1
economia;1
pegando;1
averigüar;1
cuánto sale;1
hacerle;1
fijo;1
cómo usar;1
testmisproflujo;1
testmisproflujo00;1
cabecera1;1
legalidad de la licencia de conducir;1
golpeando;1
necesitas;1
donde comer;1
sobrina;1
Talk Back;1
nvda;1
jaws;1
nieta;1
funcionas;1
palabras;1
entienda;1
entiendas;1
pide;1
vende;1
secuestra;1
instrucciones;1
instructivo;1
contigo;1
conversación;1
ninos;1
usando;1
usamos;1
usarlo;1
usarla;1
gran paraiso;1
paraíso;1
organización de comunas;1
testdesratizacionpasofinal;1
testquienesnopaganrenov;1
piendo;1
3ra dosis;1
Vacunacion;1
pienso;1
testrenovacionpago;1
signo;1
sentirse mal;1
fiebrew;1
rusa;1
biodiversidad;1
rutramur;1
registro delivery;1
mensajeria urbana;1
reparto a domicilio;1
registro mensajero;1
pruebahergalo;1
botificadornpstest;1
testdesratizaciondemo;1
lastintent;1
naturaleza;1
vacunas covid;1
excelente;1
rebajar;1
gran;1
energético;1
bajo consumo;1
ahorrar;1
auspiciar;1
testiva;1
bicitour;1
rebaja;1
amarillo;1
rebajas;1
superman;1
esquema;1
re bajar;1
re bajo;1
eficiencia;1
energética;1
segundo;1
1a;1
restauración;1
aztrazeneca;1
talkback;1
voiceover;1
utilidad;1
observar;1
romperme;1
bolso;1
billetera;1
testobcerodiscriminacion;1
testobcoyplanetario;1
testobvejez;1
testobcoybibliotecas;1
testobdonorganos;1
motovehiculo;1
onboardingdemobotificador;1
cartera;1
testobdiamujer;1
visualizar;1
ojear;1
mirar;1
esclavitud;1
jefa;1
jefe;1
servidumbre;1
disturbio;1
amenazandome;1
acaban;1
utilizan;1
cualquiera cantidad;1
barbaridad;1
mil;1
abundante;1
monton;1
re contra;1
caleta;1
bastante;1
plasma;1
cifra;1
decis;1
ambulancia;1
especificacion;1
aparato telefonico;1
robando;1
numeracion;1
numero de linea;1
violar;1
tel;1
violando;1
via telefono;1
disturbios;1
monto adeudar;1
saldo pagar;1
quiero tramitar por mi propia cuenta los documentos de contratación para ser proveedor de la ciudad;1
disiparse;1
desaparecio;1
gases;1
qué necesito para inscribirme al registro del distrito tecnológico;1
cómo me inscribo como proveedor del gobierno de la ciudad;1
perder;1
inteligente;1
policia federal;1
pudieron;1
contratación;1
remanente;1
copidis;1
hallar;1
ahijada;1
nieto;1
accesibles;1
ahijado;1
utilizar;1
utilizo;1
utiliza;1
desaparecer;1
adeudar;1
22;1
saldo pendiente por pagar;1
importe pagar;1
monumentos;1
cupulas;1
saldo pendiente pagar;1
azoteas;1
rooftops;1
factura sin pagar;1
circuitos;1
acabo;1
alojarme;1
hospedarme;1
hospedaje;1
33;1
39;1
41;1
saldo pendiente;1
monto de factura impaga;1
álvarez;1
factura impaga;1
arañas;1
hormigas;1
vinchucas;1
me robaron;1
kia;1
ford;1
fiat;1
mía;1
datsun;1
pertenece;1
fotomulta;1
multas fotograficas;1
foto multa;1
me afanaron;1
mercedes;1
me chorrearon;1
me hurtaron;1
victima;1
perjudicado;1
cupé;1
compacto;1
combi;1
derives;1
testdariologin;1
como se abona;1
infraccion de transito;1
volkswagen;1
ninguna;1
rodado;1
renault;1
controladores;1
peugeot;1
ahí;1
estuve;1
fui;1
mandando;1
correspondente;1
mio;1
exceso de velocidad;1
ese;1
captas;1
cuentan;1
nissan;1
habla;1
controlador de faltas;1
control de faltas;1
llamar a;1
semaforo en rojo;1
testturismobrasil;1
testturismoingles;1
testpregtursimo;1
importe;1
obra social prepaga;1
Balvanera;1
Almagro;1
consulmidor;1
saldar;1
engano;1
charlatan;1
chanta;1
producto;1
Agronomía;1
citroen;1
estorno;1
institucion;1
esta permitido;1
testreglamentacionestacionar;1
testfuerahorarioinfracciones;1
actividad comercial;1
sustitucion;1
variar;1
comunas de la ciudad;1
prepaga;1
contender;1
red social;1
twitter;1
chevrolet;1
hispado;1
villa santarita;1
hisopados;1
hecerme;1
villa mitre;1
bap;1
presente;1
viviendo;1
durmeindo;1
línea telefónica;1
urquiza;1
asentamiento;1
riachuelo;1
paternal;1
operación;1
cirugía;1
frío;1
ortuzar;1
toyota;1
vw;1
2021;1
hallazgo;1
atrapalabras;1
cuales dias;1
en q momento;1
shop;1
ecoescuelas;1
tutoriales;1
testgpt;1
pac;1
climática;1
financiar;1
felizcumpleañostest;1
financiado;1
financiacion;1
finaciacion;1
financiación;1
facilitar;1
proporcionar;1
crdito;1
patrocinio;1
efecto;1
turisteando;1
carniceria;1
posible;1
test noti inspecc recor;1
chinches;1
cucarachas;1
bichos;1
empaque;1
influenza;1
roedores;1
arreglarlo;1
baches;1
robada;1
res;1
atrapalabra;1
desnivel;1
cuidá;1
arbopedia;1
estudioba;1
studyba;1
internacionales;1
heladeria;1
almacen;1
sucurlar;1
testsame;1
107;1
invernadero;1
pasé;1
encuestador;1
visuales;1
guion;1
circo;1
dj;1
actuacion;1
plastica;1
hip hop;1
centros culturales;1
instagram;1
chocó;1
consultar estado denuncia;1
_audio_;1
operador de faltas;1
__audio__;1
triiger;1
speech;1
noentendidos;1
me pueden dar;1
podrías;1
encuestas;1
habitantes;1
nueva linea acoso;1
económicas;1
pruebalinkwallet;1
tengo q;1
contacto 103;1
dato de contacto;1
ocurrio;1
ocurre;1
marzo;1
dia de la mujer;1
asesoria;1
education;1
vereda o calle;1
Education;1
BA;1
misión;1
mismo;1
ciudades;1
censos;1
estadística;1
demografica;1
nefrología;1
compromiso;1
alumna;1
turnootorgamientotestsofi;1
disminucion;1
Montserrat;1
Casa Rosada;1
observaciones;1
Casa de Gobierno;1
duplicar;1
pirámide;1
plaza importante;1
testpartidasmatrimonio;1
testquienesnopaganotorg;1
superficie;1
testturnootorgamiento;1
urtaron;1
hurtado;1
testotorgtramite;1
testotorgamiento;1
solistas;1
otorgtramite;1
proescritores;1
escritor;1
ampliación;1
rubro;1
validacionesotorgamientodemo;1
Cabildo;1
auh;1
personal domestico;1
bromatológicos;1
gluten;1
foodtrucks;1
manipuladores;1
capacitadores;1
contraverificación;1
descartar;1
gral;1
Pirámide de Mayo;1
calderas;1
demoledora;1
excavadora;1
excavadoras;1
demoledoras;1
conservación;1
fachadas;1
bailables;1
bailable;1
proteatro;1
cloaca;1
asadito;1
decilo;1
jugadores de futbol;1
superheroes;1
series;1
descifrar;1
interpretar;1
adivina;1
emoticones;1
challenge;1
desafio;1
digalo;1
reservación;1
testdesafioemojis;1
mariotest;1
categoria b;1
categoria c;1
testdemobotificador;1
Molestes;1
jodas;1
corrijo;1
renovarcion;1
jugadores;1
seleccion;1
porgramas;1
desagüe;1
pro;1
gestiones;1
vocacional;1
labarden;1
sumar;1
desbordado;1
desborde;1
mala;1
funcionarios;1
tengo que ir;1
asociarte;1
cuanta plata;1
quisiera saber;1
duran;1
abierto domingo;1
estan abierto;1
sepelio;1
sepelios;1
testbarriosdeagote;1
testbarrio;1
pensionados;1
pension;1
pensionado;1
lenguas;1
callejeros;1
artista;1
600;1
fotógrafo;1
organillero;1
fotografías;1
me recomiendan;1
bbva;1
traductorados;1
tienes;1
carruseles;1
desearía;1
traductor;1
sívori;1
quinquela martin;1
jose hernandez;1
bellas artes;1
de arte popular;1
perlotti;1
fernandez blanco;1
meteorológico;1
carrusel;1
pensionar;1
torrenciales;1
materias;1
choripan;1
cayó;1
precario;1
abastecimientos;1
techo;1
voló;1
callo;1
caido;1
salientes;1
organizar;1
frontales;1
marquesinas;1
quemar;1
artificiales;1
fuegos;1
estándar;1
trámite para realizar eventos estándar en la ciudad;1
predio;1
acto;1
contemporaneo;1
ferroviario;1
del bicentenario;1
centralizacion;1
varios;1
tributaria;1
transparencia;1
padron;1
BADA;1
asistido;1
sirecam;1
mobbing;1
cartelera;1
no soy argentino;1
del cabildo;1
trabajadores;1
juridico;1
subsecretaría;1
conciliación;1
votaciones;1
ruid;1
guardavidas;1
cuarto;1
dni habilitado;1
videos;1
ballotaje;1
organizaciones;1
ballotage;1
del cine;1
de ciencia naturales;1
prohibido no tocar;1
con niños;1
para visitar con niños;1
en familia;1
de historia;1
quinquela;1
de arte;1
de ciencias;1
ingleses;1
bienvenida;1
producción;1
manufacturera;1
bailar;1
galería;1
hop;1
hip;1
25;1
expirado;1
vencerá;1
vigente;1
aprendizaje;1
distinción;1
elige;1
boti cuentacuentos;1
sacaron;1
retención;1
brutos;1
ingresos;1
testpostmci;1
conducción;1
practicas;1
aventura;1
en que consiste;1
como me anoto;1
fecha de inscripcion;1
cuando empieza;1
ruidos molestos;1
extravio;1
extraviada;1
extraviado;1
denunciar robo;1
atrapalabras123test;1
pyme;1
súper;1
me comentas;1
oski;1
??\u200d?;1
landrú;1
propio;1
nicola;1
calé;1
??????;1
chávez;1
loco;1
me cuentas;1
propia;1
fulgencio;1
corina;1
langostino;1
arma;1
estudia;1
testpreguntadh123;1
testcatadicciones;1
rechazada;1
rechazo;1
afanaron;1
afanado;1
quiero denunciar un robo;1
conforme;1
testsapsustentabilidad;1
dgroc;1
´la;1
camino la boca;1
buquebus;1
donde es;1
festi emergente;1
festival emergente;1
presentan;1
etapa;1
noviembre;1
ejecución;1
privadas;1
disfrutar;1
beber;1
Agenda;1
2019;1
estudiando;1
ginecologo;1
ginecologicos;1
políticas;1
antiguo;1
atletismo;1
usas;1
Plaza de Mayo;1
Edificio;1
Construcción;1
Museo Nacional;1
MCI22;1
MCI 2022;1
coelgio;1
presento;1
mci;1
discapacidades;1
adaptadas;1
boccia;1
documentado;1
docuementos;1
manipulacion;1
inclusivo;1
programas de deporte;1
goalball;1
natacion;1
hijitus;1
larguirucho;1
acaba de vencer;1
urbanas;1
alistar;1
enlistar;1
vacunatorio;1
calendario;1
3°;1
2da;1
antitetanica;1
buzón;1
fehacientes;1
adhesión;1
certificado nacional de antecedente de transito;1
barreras;1
aburre;1
enterarse;1
enterarme;1
aubasa;1
certificado discapacitado;1
oficina de discapacidad;1
certificado unico de discapacidad;1
encantar;1
centa;1
certificado de antecedente de transito;1
¡boti;1
imprimir nuevamente;1
esta vencida;1
expiro;1
fuera de vigencia;1
sin vigencia;1
Desuscribir;1
desuscribirse;1
re hacer;1
remplazar;1
como tengp;1
hecha;1
pague;1
hecho;1
reimpresión;1
reimpresion de licencia;1
renovacion de registro;1
renovacion de carnet;1
renovacion de licencia;1
eimprecion de carnet;1
otorgamieto;1
otorgarme;1
habilitados;1
jueces;1
número telefónico;1
cañones;1
tútum;1
batu;1
mendieta;1
pereyra;1
inodoro;1
sus;1
mafalda;1
historietas;1
isidoro;1
matías;1
nota;1
patoruzito;1
isidorito;1
catalina;1
vicenta;1
tía;1
aparecen;1
leeme;1
cuentos infantiles;1
historias;1
??\u200d????;1
eternauta;1
negrazón;1
chaveta;1
recepción;1
portar;1
adelantar;1
callcenter;1
call center;1
magistrados;1
equidad;1
no funcionan;1
finalizar;1
diógenes;1
linyera;1
patoruzú;1
sepas;1
clemente;1
chicas;1
divito;1
autovía;1
jirafa;1
mordillo;1
parrillita;1
demorado;1
pediatría;1
subirme;1
saquen;1
almohadas;1
colchones;1
aspirantes;1
residuos verdes;1
testmetrobus;1
tomo;1
abordar;1
chiquitos;1
cosas para hacer;1
electrodomésticos;1
como viajo;1
qué ofrece;1
centro lúdico;1
visitas guiadas;1
logos;1
a distancia;1
teléfonos;1
villa lugano;1
casilla de correo electronico;1
retiros;1
colchón;1
marquesina;1
baldosa;1
testsecundariaatencion;1
testnohayoperador;1
terminá;1
de contacto;1
tener contacto;1
numero contacto;1
rotura;1
destrucción;1
destruida;1
floja;1
pequeña;1
pregunté;1
sueltas;1
planbotanicoclima;1
silla;1
preservación;1
sillas;1
infante;1
colchon;1
pequeño;1
e mail;1
materno;1
pasaron;1
exhibiciones obsena;1
cónyugues;1
narcotrafico;1
venta de drogas;1
abandono de personas;1
venta ilegal;1
delitos informaticos;1
ejercicio ilegal de la medicina;1
potacion ilegal de armas;1
lesiones;1
exhibicionismo;1
bandalismo;1
ursurpacion;1
por conducir en estado de ebriedad;1
bromatologica;1
tecnlogía;1
colocaron;1
java;1
php;1
python;1
qa;1
conyuge;1
amenazas;1
abandono;1
cedi;1
embarazos;1
Pintada;1
nacidos;1
graffiteada;1
herramientas;1
seminario;1
desayuno;1
enseñan;1
centros infantiles;1
iniciativas;1
uod;1
pintado;1
en que horarios;1
correo electrónico;1
apoyo escolar;1
clases de apoyo;1
realizaron;1
fiscalias;1
necesito ayuda;1
ministerio publico fiscal;1
testoperadorsecundaria;1
testterminarsecundaria;1
renovaciontestcharla;1
off;1
cardiologia;1
endocrinologia;1
vivistar;1
testfotosinfracciones;1
testlogininfracciones;1
testcontroladorauxiliar;1
testferlefloth;1
\u200ctest;1
on;1
temporalmessage;1
urologo;1
reinsercion;1
sociolaboral;1
acompañamiento;1
oculista;1
gastroenterología;1
dermatologia;1
traumatología;1
preventiva;1
testsapverano;1
proctologia;1
traumatologo;1
quemadas;1
oftalmología;1
nutricionista;1
odontólogos;1
foniatria;1
hepatologia;1
otorrino;1
portero;1
derrocha;1
otorrinolaringologia;1
fonoaudiologia;1
como sacar entradas;1
centro de experimentacion;1
comprar entradas;1
comprar tickets;1
comprar billetes;1
boleterias;1
producciones;1
ópera;1
ballet;1
dermatologa;1
temporada;1
divertirme;1
hey;1
need;1
grabación;1
falta de luminaria;1
patinaje;1
skate;1
poste;1
musicales;1
vi;1
suena;1
grabaciones;1
convocatoria;1
apagada;1
i;1
videoclips;1
puente;1
testedadnps;1
testpersistirspreadsheet;1
testnpsconforme;1
testnps;1
testlicconsulta;1
descompuestas;1
lámparas;1
mejoraron;1
como llegar;1
falta de iluminaria;1
inftesting29;1
do;1
dos;1
bancario;1
around;1
tour;1
can;1
that;1
guide;1
you;1
abogado;1
regionales;1
prorroga;1
exponer;1
expositores;1
participación;1
¿cuánto;1
stand;1
abonan;1
comisaría;1
testing;1
seguras;1
aseguran;1
nos gustaria;1
patológicos;1
denunciar por residuos patológicos;1
pedaleá;1
lavaderos;1
apr;1
sonoros;1
límites;1
máximos;1
sensibilidad;1
casamientos;1
denuncia vinculada con residuos patológicos;1
rosedal;1
barrancas;1
glorieta;1
testigos;1
técnicas;1
línea 130;1
130;1
panza;1
validez;1
denuncia por residuos patológicos;1
pedaleando;1
conformidad;1
vicis;1
contaminados;1
industrias;1
acustico;1
potencialmente;1
bisi;1
vibraciones;1
diurno;1
nocturno;1
terraza;1
mantenimiento de predios;1
fuentes;1
solicitud de plantas;1
tramite solicitud de plantas;1
tramite mantenimiento de predios;1
solicitar colocación de plantas en un espacio verde;1
solicitar mantenimiento de un espacio verde;1
rampas;1
petición;1
provenientes;1
fijas;1
centros de salud y accion comunitaria;1
convalidacion;1
centro de salud y accion comunitaria;1
24 horas;1
usd;1
usdv;1
tracking;1
traking;1
rapida;1
expres;1
96 horas;1
Ezeiza;1
48 horas;1
rápido;1
testcesacs;1
inmediatamente;1
24;1
48;1
96;1
ezeiza;1
provocar;1
mandan;1
mandaron;1
demoran;1
dolar;1
euros;1
reales;1
Datos falsos;1
testdatosrecibidos;1
certificado escolar estudiar es trabajar;1
póliza;1
desligue;1
certificado estudiar trabajar;1
estudiar es trabajar;1
egresados;1
mutuo;1
ayelen;1
[10:42];1
certificado de pobreza;1
universal;1
reincidencia;1
barberis;1
cotizacion;1
dinero en efectivo;1
dinero efectivo;1
Reposición;1
Datos erróneos;1
auditorias;1
ajuste;1
asegurarlos;1
almorzar;1
ciudadanos;1
casados;1
Caños;1
divorcie;1
divorciado;1
bolsas;1
Bancos;1
morfar;1
Carteles;1
tragos;1
peticion;1
mercados ba;1
Postes;1
Pilares;1
Tarugos;1
ubicaciones;1
piedras;1
patrio;1
Recoleccion;1
remoción;1
tirados;1
Acta;1
matriculado;1
entiendo;1
Grafitearon;1
prófugo;1
alertas;1
detención;1
reconocimiento facial;1
captura;1
Hay;1
digitalmente;1
manualmente;1
gerencia;1
Matrimonio;1
operativa;1
test_perfil3;1
privilegios;1
estadisticas;1
publicaciones;1
informas;1
de la niñez;1
de politicas para la niñez;1
Muerte;1
costanera;1
caños;1
pilares;1
olor;1
término;1
recuperé;1
irregularidad;1
religiosos;1
reubicación;1
reubicar;1
hedor;1
numeración;1
domiciliaria;1
escribanos;1
desuso;1
lavar;1
rpi;1
lavado;1
mensuras;1
foguistas;1
completo;1
catastro;1
vaciado;1
interna;1
agencias;1
afectación;1
mientras;1
migrante;1
subsanar;1
subsanación;1
resolucion;1
plazamayotest;1
prórroga;1
anticuarios;1
zona antigua;1
extiendo;1
rerum;1
casco;1
alimentarios;1
legales;1
testaudiocasco;1
excepcional;1
peso;1
super;1
largo;1
excepcionales;1
inmigrante;1
infraccionesrenovtest;1
